date,open,high,low,close,volume,value
2019-05-03,4650.0,6255.0,4650.0,6135.0,3130963.56324379,18014797829.30644
2019-05-04,6135.0,6500.0,5520.0,6085.0,1691392.3130898,10269992390.892464
2019-05-05,6080.0,6080.0,5575.0,5645.0,455321.96507603,2603943417.2200165
2019-05-06,5620.0,5655.0,5245.0,5500.0,445610.97709837,2424597554.69633
2019-05-07,5500.0,5805.0,5275.0,5300.0,370244.24682716,2057654401.858111
2019-05-08,5280.0,5300.0,4980.0,5075.0,293260.36851663,1509363062.2116635
2019-05-09,5030.0,5270.0,4270.0,4600.0,387499.39635125,1822560195.7270384
2019-05-10,4600.0,5270.0,4380.0,4510.0,571501.50238412,2681608297.0574923
2019-05-11,4560.0,4855.0,4380.0,4635.0,412138.4231742,1901852436.728293
2019-05-12,4635.0,4720.0,4320.0,4365.0,182429.2686776,826249058.3557496
2019-05-13,4375.0,4880.0,4375.0,4650.0,307875.02368666,1436581646.4100082
2019-05-14,4640.0,4855.0,4565.0,4770.0,269472.48255776,1266775367.7395668
2019-05-15,4765.0,5430.0,4690.0,5370.0,270058.35815512,1350805780.8995538
2019-05-16,5370.0,5665.0,4785.0,5100.0,247074.303186,1289098275.8829043
2019-05-17,5145.0,5785.0,4795.0,5330.0,604178.2198122,3221815500.9974375
2019-05-18,5330.0,6050.0,5210.0,5720.0,402814.83384483,2290549869.3528967
2019-05-19,5725.0,6185.0,5630.0,5790.0,290390.69575287,1714346635.1396897
2019-05-20,5790.0,5830.0,5350.0,5680.0,184874.3361215,1040707541.1984158
2019-05-21,5630.0,5775.0,5415.0,5720.0,135484.04915286,753228460.4525135
2019-05-22,5720.0,5800.0,5275.0,5275.0,185450.432076,1011132269.49825
2019-05-23,5270.0,5380.0,4950.0,5220.0,191554.43846539,978050918.903859
2019-05-24,5220.0,5730.0,5140.0,5395.0,229758.06804381,1239158599.89658
2019-05-25,5395.0,5515.0,5165.0,5280.0,148983.92678389,792823223.6640292
2019-05-26,5245.0,5430.0,5060.0,5375.0,231542.81087667,1211056379.989364
2019-05-27,5375.0,5595.0,5335.0,5520.0,167981.15130645,913229574.6175146
2019-05-28,5520.0,5750.0,5325.0,5655.0,250432.74806723,1370112530.1856449
2019-05-29,5660.0,5965.0,5355.0,5590.0,435820.36278838,2470388861.4315267
2019-05-30,5590.0,8150.0,5570.0,7320.0,8086372.0813936,58136697541.66345
2019-05-31,7330.0,7370.0,6350.0,7030.0,2684145.91703694,18337850808.251076
2019-06-01,7040.0,8100.0,6850.0,7000.0,2353444.88139278,17582223198.394077
2019-06-02,7000.0,7695.0,6760.0,7685.0,718757.395053,5130293943.074886
2019-06-03,7685.0,8860.0,7345.0,8010.0,1582011.51505292,12720707559.58055
2019-06-04,8030.0,8480.0,7115.0,7335.0,1587340.83816676,12566873759.485052
2019-06-05,7335.0,7735.0,6930.0,7555.0,917805.4553399,6828378131.578135
2019-06-06,7560.0,7560.0,6855.0,7300.0,475421.58311045,3426674661.650604
2019-06-07,7300.0,8005.0,7155.0,7650.0,820549.18363532,6252601715.197093
2019-06-08,7660.0,7740.0,7350.0,7530.0,174893.76726868,1313515084.2746563
2019-06-09,7545.0,7580.0,7120.0,7265.0,159832.53370013,1178752835.1108077
2019-06-10,7255.0,7425.0,7015.0,7425.0,185711.12054041,1346146624.9947588
2019-06-11,7425.0,7530.0,7050.0,7245.0,162252.99203932,1170418015.4393456
2019-06-12,7245.0,7590.0,7125.0,7370.0,161754.9334045,1193550421.0722065
2019-06-13,7395.0,7830.0,7280.0,7555.0,279126.57577762,2103735945.5365806
2019-06-14,7585.0,7625.0,7230.0,7540.0,175109.41181362,1300413536.1418915
2019-06-15,7545.0,7575.0,7310.0,7405.0,100203.35535527,745893642.8312092
2019-06-16,7370.0,8030.0,7310.0,7965.0,264493.4509593,2020075699.4650836
2019-06-17,7980.0,8400.0,7745.0,8265.0,311343.60801095,2506658875.212312
2019-06-18,8315.0,8330.0,7800.0,7895.0,240260.63385881,1919227245.2112212
2019-06-19,7895.0,8145.0,7830.0,7915.0,124038.2281026,990228734.65475
2019-06-20,7915.0,7925.0,7485.0,7755.0,193702.57155689,1482891409.896507
2019-06-21,7710.0,7800.0,7500.0,7670.0,132018.11156777,1010966994.9272122
2019-06-22,7675.0,8005.0,7600.0,7805.0,264002.76102885,2064637209.0397503
2019-06-23,7805.0,8295.0,7765.0,7960.0,231518.81869821,1868382507.8286552
2019-06-24,7955.0,7990.0,7680.0,7760.0,150818.40142231,1177653532.5307114
2019-06-25,7780.0,7850.0,7645.0,7775.0,160841.27910519,1244035638.6881435
2019-06-26,7775.0,8150.0,7550.0,7685.0,333949.3978474,2646171083.174095
2019-06-27,7735.0,7780.0,6660.0,6870.0,295412.81407533,2120555163.3277063
2019-06-28,6890.0,7345.0,6700.0,7280.0,162366.305969,1139049468.8462608
2019-06-29,7280.0,7550.0,7020.0,7420.0,173259.99438744,1269127454.0381622
2019-06-30,7420.0,7465.0,6800.0,6810.0,210479.82751648,1486295101.080149
2019-07-01,6810.0,7040.0,6320.0,6710.0,145832.0076043,977927032.1233337
2019-07-02,6705.0,6890.0,6260.0,6480.0,114511.04359671,747616041.3666785
2019-07-03,6480.0,6770.0,6425.0,6725.0,72288.15797314,477561871.4770703
2019-07-04,6750.0,6945.0,6605.0,6605.0,59931.89064106,404911047.6968039
2019-07-05,6605.0,6725.0,6420.0,6490.0,108068.02986768,703254459.9768302
2019-07-06,6515.0,6620.0,6315.0,6430.0,63382.77489811,410897017.6018321
2019-07-07,6380.0,6475.0,6265.0,6440.0,59414.56065561,376499894.86633
2019-07-08,6465.0,6480.0,6110.0,6170.0,113403.54846871,715052393.7254775
2019-07-09,6170.0,6210.0,5820.0,5945.0,141887.24453546,850940927.3507216
2019-07-10,5945.0,5945.0,5000.0,5385.0,297564.47348606,1607071839.3556492
2019-07-11,5390.0,5620.0,4855.0,5295.0,185873.96472765,974538562.3525821
2019-07-12,5255.0,5950.0,5100.0,5455.0,203396.65673278,1103054484.1853285
2019-07-13,5470.0,5475.0,5110.0,5190.0,44112.84201001,233279434.57579756
2019-07-14,5220.0,5220.0,4625.0,4680.0,142184.70737573,689474200.2026945
2019-07-15,4685.0,5460.0,4305.0,5010.0,268768.44158491,1273045617.1381302
2019-07-16,5050.0,5120.0,4300.0,4420.0,157448.14233645,745506455.5775394
2019-07-17,4425.0,4820.0,4230.0,4595.0,284880.18219949,1286967519.1282969
2019-07-18,4575.0,4950.0,4350.0,4850.0,189207.23816259,885007869.4409881
2019-07-19,4870.0,4970.0,4525.0,4695.0,95984.64224778,450212791.18638027
2019-07-20,4700.0,4965.0,4680.0,4815.0,143851.03232322,690322017.9089093
2019-07-21,4820.0,5140.0,4715.0,5015.0,192362.79584925,953182538.406676
2019-07-22,5015.0,5175.0,4665.0,4770.0,148309.56629038,723169089.7986178
2019-07-23,4770.0,4770.0,4415.0,4445.0,147218.77496742,678531496.2645524
2019-07-24,4445.0,4815.0,4280.0,4615.0,132223.45170874,592300867.478384
2019-07-25,4635.0,4785.0,4510.0,4525.0,80859.21029673,374565999.09266865
2019-07-26,4535.0,4675.0,4390.0,4630.0,123502.3717116,558217842.7457052
2019-07-27,4605.0,4720.0,4190.0,4350.0,146845.62025481,656712537.7373966
2019-07-28,4355.0,4375.0,4160.0,4320.0,52928.6641086,225746765.5347083
2019-07-29,4320.0,4370.0,4180.0,4280.0,58733.73127303,250307308.35006154
2019-07-30,4280.0,4320.0,4140.0,4270.0,77536.97959271,327484039.3631156
2019-07-31,4265.0,4430.0,4230.0,4325.0,183226.04572595,797725412.7240963
2019-08-01,4325.0,4340.0,4075.0,4195.0,125557.38949192,526386247.02810746
2019-08-02,4195.0,4625.0,4140.0,4350.0,222705.68741195,979134803.776864
2019-08-03,4360.0,4450.0,4300.0,4385.0,65215.86123534,285629383.0416137
2019-08-04,4390.0,4470.0,4215.0,4270.0,77768.34141798,333903377.3668109
2019-08-05,4270.0,4575.0,4235.0,4500.0,115667.86338535,508618983.7134845
2019-08-06,4505.0,4530.0,4215.0,4300.0,117458.18252102,511089370.5973634
2019-08-07,4300.0,4400.0,4120.0,4175.0,87594.7211386,371793088.7203062
2019-08-08,4180.0,4180.0,3760.0,3910.0,147484.4994649,580219405.1925929
2019-08-09,3910.0,3950.0,3690.0,3775.0,108716.80079094,415631052.71921873
2019-08-10,3770.0,4075.0,3770.0,4040.0,79582.06264537,312026075.5374513
2019-08-11,4040.0,4260.0,3960.0,4260.0,44521.16410927,181068614.17747575
2019-08-12,4260.0,4375.0,4015.0,4025.0,64522.77777879,271362434.89533645
2019-08-13,4025.0,4050.0,3780.0,3915.0,111829.98467478,437800499.5221875
2019-08-14,3925.0,3975.0,3465.0,3475.0,86071.11021849,324220106.3045396
2019-08-15,3480.0,3665.0,3255.0,3560.0,108063.07179254,372346017.7221778
2019-08-16,3540.0,3695.0,3415.0,3500.0,63695.46037374,227237369.2004509
2019-08-17,3540.0,3540.0,3430.0,3540.0,28143.03961539,98249769.45794255
2019-08-18,3540.0,3615.0,3470.0,3590.0,55315.15553171,196934639.72374704
2019-08-19,3615.0,3615.0,3350.0,3505.0,125610.99711266,438045956.78511345
2019-08-20,3490.0,3530.0,3330.0,3455.0,102560.52184022,352220794.77511644
2019-08-21,3455.0,3470.0,3140.0,3215.0,93555.63370108,306840187.3371867
2019-08-22,3220.0,3335.0,3125.0,3260.0,73571.27996437,237623001.10291934
2019-08-23,3270.0,3330.0,3175.0,3265.0,118054.56264152,385567717.65428746
2019-08-24,3270.0,3295.0,3145.0,3245.0,182078.25377864,585852098.3655021
2019-08-25,3245.0,3335.0,3145.0,3165.0,195819.04864343,634243602.850093
2019-08-26,3165.0,3230.0,3115.0,3150.0,147687.6996609,468424720.0328546
2019-08-27,3140.0,3160.0,3000.0,3080.0,146347.20919091,446959446.0406045
2019-08-28,3075.0,3140.0,2810.0,2815.0,210192.41855739,625004638.2884895
2019-08-29,2815.0,2820.0,2615.0,2630.0,223650.53789223,599907055.5242977
2019-08-30,2630.0,2720.0,2540.0,2615.0,242604.38878473,642592590.4208173
2019-08-31,2615.0,2625.0,2410.0,2455.0,467360.75906266,1169429352.763767
2019-09-01,2455.0,2720.0,2415.0,2570.0,495892.6844922,1242957509.7636228
2019-09-02,2570.0,2615.0,2490.0,2560.0,183171.11834897,464881202.30040103
2019-09-03,2555.0,2680.0,2535.0,2570.0,336693.38493745,882321918.9973938
2019-09-04,2580.0,2580.0,2430.0,2430.0,180529.83805795,448078590.12717146
2019-09-05,2440.0,2440.0,2275.0,2325.0,362553.16134455,846178215.2551501
2019-09-06,2335.0,2680.0,2325.0,2445.0,750257.08901693,1843307035.8237672
2019-09-07,2445.0,2715.0,2430.0,2570.0,495331.01410681,1291700503.4032354
2019-09-08,2590.0,3305.0,2550.0,3235.0,1824377.27279764,5449686596.381825
2019-09-09,3250.0,3535.0,2905.0,3275.0,1158086.41572596,3790160211.183733
2019-09-10,3275.0,3530.0,3000.0,3090.0,711442.20852091,2335204498.043877
2019-09-11,3100.0,3250.0,2885.0,3090.0,394682.87954784,1207667316.448555
2019-09-12,3090.0,3820.0,2975.0,3660.0,926254.07842417,3210228908.761995
2019-09-13,3660.0,3945.0,3550.0,3790.0,904150.91315464,3389681064.4085736
2019-09-14,3790.0,3840.0,3540.0,3675.0,568282.8568435,2100716374.4259486
2019-09-15,3675.0,4195.0,3655.0,4055.0,1001029.32440105,3999926873.824592
2019-09-16,4060.0,4245.0,3730.0,3960.0,1017656.25116465,4056049242.928735
2019-09-17,3960.0,4080.0,3750.0,3900.0,601313.08193766,2344977111.2846665
2019-09-18,3905.0,4040.0,3820.0,3915.0,328343.1346009,1292279519.3663158
2019-09-19,3920.0,3920.0,3500.0,3720.0,288115.0723187,1056007305.2253993
2019-09-20,3720.0,3870.0,3620.0,3790.0,300458.88516802,1131342487.9543848
2019-09-21,3785.0,3900.0,3595.0,3660.0,149431.65311325,557392623.9211836
2019-09-22,3655.0,3665.0,3340.0,3445.0,257802.57716524,886113511.5407795
2019-09-23,3465.0,3470.0,3055.0,3055.0,200321.45860241,652050509.0186205
2019-09-24,3055.0,3185.0,2400.0,2645.0,308361.18036538,886612832.4315884
2019-09-25,2660.0,2935.0,2560.0,2760.0,363250.50565749,986289289.9642179
2019-09-26,2755.0,2830.0,2480.0,2675.0,261715.12912682,701052216.4529788
2019-09-27,2680.0,2745.0,2570.0,2745.0,171181.73739815,457031362.09492093
2019-09-28,2745.0,2765.0,2615.0,2740.0,112423.68260958,304725036.4593228
2019-09-29,2740.0,2760.0,2530.0,2645.0,117610.54523932,307754793.067713
2019-09-30,2640.0,3200.0,2595.0,3180.0,400582.07660973,1157116126.523781
2019-10-01,3180.0,3195.0,2985.0,3055.0,312387.70324134,964939056.0292423
2019-10-02,3055.0,3175.0,2915.0,3125.0,198414.72877985,599755802.6057245
2019-10-03,3125.0,3250.0,3005.0,3125.0,140515.94671559,438775897.8816342
2019-10-04,3125.0,3130.0,2965.0,3070.0,116108.98616568,353027971.2778524
2019-10-05,3080.0,3330.0,3035.0,3300.0,179993.67532732,570099910.638538
2019-10-06,3300.0,3325.0,3085.0,3185.0,144817.95498833,459201036.4805504
2019-10-07,3185.0,3515.0,3050.0,3430.0,227678.48726586,737898072.9110209
2019-10-08,3430.0,3660.0,3350.0,3440.0,257531.79999789,908199436.5942782
2019-10-09,3455.0,3565.0,3360.0,3450.0,160516.80488024,553395854.4757512
2019-10-10,3465.0,3550.0,3235.0,3445.0,129047.35685829,439663330.8521964
2019-10-11,3445.0,3470.0,3240.0,3330.0,120142.54664962,401486749.9572466
2019-10-12,3330.0,3385.0,3270.0,3350.0,38709.33059493,128943436.15956394
2019-10-13,3350.0,3425.0,3320.0,3395.0,54978.35468378,185834244.28999525
2019-10-14,3390.0,3680.0,3365.0,3655.0,185434.47959437,653551152.5069629
2019-10-15,3650.0,3715.0,3420.0,3505.0,200618.76088495,718776119.113513
2019-10-16,3500.0,3510.0,3210.0,3390.0,187937.85004193,634034700.6665219
2019-10-17,3380.0,3485.0,3255.0,3450.0,94649.14308619,320954029.60116416
2019-10-18,3450.0,3460.0,3210.0,3270.0,83524.65148099,278380003.6387524
2019-10-19,3270.0,3350.0,3205.0,3265.0,88906.88129109,291164128.2356573
2019-10-20,3270.0,3470.0,3195.0,3440.0,95973.1885434,319637954.691859
2019-10-21,3440.0,3550.0,3355.0,3515.0,108573.41177293,373612684.87602276
2019-10-22,3500.0,3555.0,3355.0,3390.0,115828.92561555,403148120.2759262
2019-10-23,3365.0,3420.0,3030.0,3170.0,221043.56082628,707725259.1821412
2019-10-24,3160.0,3355.0,3095.0,3330.0,75065.279897,240955538.2769171
2019-10-25,3310.0,3620.0,3260.0,3540.0,159486.78221425,545051707.7561493
2019-10-26,3540.0,3780.0,3455.0,3595.0,193083.25469617,700802584.537785
2019-10-27,3575.0,3800.0,3450.0,3680.0,347509.26690802,1255207370.8404453
2019-10-28,3680.0,3845.0,3575.0,3625.0,208576.66930353,774903407.8863312
2019-10-29,3625.0,3710.0,3525.0,3665.0,108318.29738385,394901744.9536268
2019-10-30,3640.0,3710.0,3405.0,3520.0,87489.09532754,311450817.7988144
2019-10-31,3520.0,3870.0,3515.0,3805.0,185875.53638752,686915523.276286
2019-11-01,3820.0,3870.0,3670.0,3800.0,102313.5155684,386814581.5471041
2019-11-02,3805.0,4045.0,3800.0,3990.0,106727.42878676,419714833.36393905
2019-11-03,3990.0,4015.0,3820.0,3975.0,55503.81330451,217265182.62780955
2019-11-04,3970.0,4245.0,3860.0,4175.0,193480.73789239,787306745.1938823
2019-11-05,4180.0,4440.0,4060.0,4340.0,217708.6209993,930875774.8387583
2019-11-06,4340.0,4480.0,4270.0,4385.0,123122.02653254,543232688.1215285
2019-11-07,4385.0,4485.0,4165.0,4485.0,87080.17207828,375476311.4882432
2019-11-08,4485.0,4685.0,4250.0,4390.0,160232.32580117,720491408.5948606
2019-11-09,4435.0,4620.0,4385.0,4605.0,89543.19719825,405172185.6704766
2019-11-10,4605.0,4970.0,4530.0,4860.0,175467.67045107,830671689.1294242
2019-11-11,4860.0,5095.0,4700.0,5055.0,237053.19886816,1162821092.4935174
2019-11-12,5055.0,5055.0,4690.0,4895.0,181459.40899242,883471880.0092555
2019-11-13,4920.0,4925.0,4615.0,4655.0,137603.84741943,650004075.1668682
2019-11-14,4655.0,4660.0,4405.0,4660.0,231429.60844777,1046658417.2950639
2019-11-15,4665.0,4810.0,4460.0,4590.0,150789.58224858,704867968.8029025
2019-11-16,4590.0,4650.0,4490.0,4615.0,30437.84136824,138424988.85996726
2019-11-17,4615.0,4660.0,4440.0,4525.0,44810.10207219,204253459.27832395
2019-11-18,4535.0,4555.0,4145.0,4220.0,135299.36206279,585653686.8238294
2019-11-19,4225.0,4240.0,3945.0,4105.0,156481.71114023,633981938.910263
2019-11-20,4105.0,4195.0,3860.0,3910.0,164168.04256558,660438660.7147712
2019-11-21,3910.0,4030.0,3700.0,3795.0,172939.43386056,667114137.8952272
2019-11-22,3795.0,3910.0,3200.0,3490.0,213844.8644542,756973924.7799925
2019-11-23,3505.0,3830.0,3370.0,3810.0,167898.80609418,615577290.5664325
2019-11-24,3830.0,3875.0,3530.0,3685.0,108819.41392847,408175347.5163629
2019-11-25,3680.0,4175.0,3540.0,3970.0,257639.03416222,991929574.9453894
2019-11-26,3970.0,4445.0,3955.0,4085.0,247707.39426993,1036079539.54911
2019-11-27,4085.0,4500.0,3675.0,4395.0,323329.63720079,1336790129.204218
2019-11-28,4400.0,4650.0,4100.0,4560.0,297860.35536538,1295488956.3231683
2019-11-29,4525.0,4740.0,4395.0,4700.0,164346.97185779,747552312.8199323
2019-11-30,4700.0,4740.0,4440.0,4555.0,102886.42471294,470993632.38725287
2019-12-01,4570.0,4580.0,4220.0,4405.0,163325.28460618,714004530.2790391
2019-12-02,4425.0,4460.0,4150.0,4230.0,98183.79443084,419106633.7070134
2019-12-03,4230.0,4345.0,4200.0,4205.0,185673.47719582,789964385.3201208
2019-12-04,4205.0,4345.0,4010.0,4080.0,151368.08770932,628933380.5276855
2019-12-05,4070.0,4180.0,4015.0,4065.0,88343.79441329,360188829.4689831
2019-12-06,4075.0,4255.0,4010.0,4220.0,51998.44627311,213175935.9331825
2019-12-07,4220.0,4405.0,4180.0,4340.0,57902.83318454,248869934.51600575
2019-12-08,4335.0,4520.0,4240.0,4465.0,45566.52579301,200338156.5885934
2019-12-09,4470.0,4475.0,4250.0,4270.0,69708.09043673,302878599.01230305
2019-12-10,4270.0,4295.0,4040.0,4155.0,65411.48371312,273045317.88967866
2019-12-11,4155.0,4335.0,4105.0,4335.0,30482.28463387,128036595.93254694
2019-12-12,4335.0,4585.0,4290.0,4560.0,122301.58426664,539913279.3065895
2019-12-13,4560.0,4770.0,4410.0,4525.0,194808.58079869,901135864.447566
2019-12-14,4520.0,4800.0,4440.0,4675.0,144383.4660415,665063927.0970829
2019-12-15,4685.0,5190.0,4615.0,5020.0,233463.74026868,1169694578.126515
2019-12-16,5055.0,5060.0,4605.0,4660.0,221793.51092697,1064826380.1692383
2019-12-17,4655.0,4700.0,4135.0,4245.0,215746.81845158,957811395.1824133
2019-12-18,4245.0,4940.0,4175.0,4790.0,162572.25808235,734884658.4074578
2019-12-19,4790.0,4910.0,4640.0,4855.0,168444.0514832,813241353.7314241
2019-12-20,4890.0,4890.0,4730.0,4840.0,62271.14883496,299738961.9392294
2019-12-21,4840.0,4870.0,4595.0,4630.0,51348.54600696,241224401.38275245
2019-12-22,4625.0,4770.0,4580.0,4770.0,84573.07667761,393093848.5202722
2019-12-23,4770.0,4820.0,4600.0,4775.0,66283.25746186,312189125.68669456
2019-12-24,4780.0,4860.0,4675.0,4780.0,47730.65419806,228868906.438567
2019-12-25,4780.0,4820.0,4670.0,4770.0,36684.48039877,173990739.2137684
2019-12-26,4770.0,5100.0,4750.0,5020.0,111814.72258069,551960911.2020698
2019-12-27,5020.0,5185.0,4930.0,5035.0,97836.71303543,498766918.14268136
2019-12-28,5035.0,5130.0,4900.0,4990.0,49129.98485785,245954116.3850032
2019-12-29,4985.0,5020.0,4690.0,4775.0,100407.53716882,486266749.6962826
2019-12-30,4785.0,4815.0,4665.0,4725.0,62609.42981161,297955819.73094183
2019-12-31,4705.0,4775.0,4625.0,4765.0,51389.41833201,241714258.8796284
2020-01-01,4765.0,4915.0,4720.0,4865.0,23213.72478467,111498660.25225335
2020-01-02,4865.0,4865.0,4605.0,4635.0,28645.12300072,134559058.00082174
2020-01-03,4635.0,4820.0,4320.0,4790.0,59083.54598125,272958825.27264416
2020-01-04,4785.0,4795.0,4690.0,4760.0,22228.99612999,105425159.90619496
2020-01-05,4760.0,4805.0,4635.0,4645.0,34890.74454148,164476524.5656785
2020-01-06,4645.0,4710.0,4510.0,4615.0,117614.55510329,543404281.2317436
2020-01-07,4615.0,4705.0,4520.0,4550.0,63371.6824601,291283497.4904306
2020-01-08,4555.0,4640.0,4375.0,4410.0,62913.8480212,284515879.1496719
2020-01-09,4455.0,4650.0,4330.0,4650.0,69411.41965108,310850271.96762854
2020-01-10,4655.0,4850.0,4620.0,4690.0,175923.84882651,834658047.2626218
2020-01-11,4725.0,4830.0,4690.0,4710.0,48419.56126629,230353334.0779917
2020-01-12,4710.0,4775.0,4650.0,4705.0,59643.50234025,280151957.01863086
2020-01-13,4705.0,4785.0,4550.0,4645.0,64001.65454077,297591392.6546453
2020-01-14,4695.0,4975.0,4605.0,4840.0,550888.47870585,2640985868.9023952
2020-01-15,4845.0,5120.0,4705.0,4880.0,267904.86235847,1316925251.5694222
2020-01-16,4885.0,5495.0,4650.0,5260.0,231622.31476842,1170829542.6833072
2020-01-17,5320.0,5760.0,5200.0,5420.0,398690.81990082,2185454282.6196113
2020-01-18,5420.0,5420.0,5040.0,5090.0,139509.91907632,721545240.7045743
2020-01-19,5115.0,5270.0,4780.0,4910.0,199647.14008827,998034330.1675847
2020-01-20,4910.0,4985.0,4775.0,4945.0,69354.77000235,336697731.88079405
2020-01-21,4945.0,5170.0,4845.0,5050.0,160557.46671469,804246151.9805477
2020-01-22,5055.0,5180.0,4950.0,5180.0,148389.91895824,754857393.5829527
2020-01-23,5165.0,5175.0,4860.0,4970.0,99966.6799387,495929574.45046794
2020-01-24,4935.0,5050.0,4860.0,5015.0,48974.51037697,242996740.57339126
2020-01-25,5010.0,5010.0,4850.0,4940.0,19591.39071387,96336011.218058
2020-01-26,4920.0,5085.0,4880.0,5015.0,45942.18698482,229153275.06825376
2020-01-27,5020.0,5185.0,4975.0,5035.0,74445.10561456,375364982.5648299
2020-01-28,5020.0,5140.0,5000.0,5085.0,122964.5644546,623494087.0100843
2020-01-29,5080.0,5100.0,4980.0,5060.0,126836.78686108,639266051.3264718
2020-01-30,5060.0,5065.0,4930.0,5010.0,108712.1150001,542209574.4550375
2020-01-31,5010.0,5220.0,4900.0,5020.0,103271.96747269,522590114.8174328
2020-02-01,5025.0,5055.0,4935.0,5020.0,61919.55463827,309289073.56626505
2020-02-02,5035.0,5085.0,4935.0,5045.0,83245.74333059,417494136.62882555
2020-02-03,5045.0,5085.0,4940.0,4995.0,114270.2840065,573527037.0064001
2020-02-04,4995.0,4995.0,4740.0,4940.0,308366.37545478,1498235264.1873896
2020-02-05,4940.0,5150.0,4870.0,5025.0,346258.55439118,1730587446.869384
2020-02-06,5020.0,5245.0,4905.0,5220.0,355131.43159913,1810603929.2338502
2020-02-07,5225.0,5650.0,5160.0,5510.0,381424.41198988,2047956923.1588514
2020-02-08,5490.0,5520.0,5190.0,5345.0,226074.12411663,1203329703.1393735
2020-02-09,5320.0,5425.0,5220.0,5395.0,124914.6890405,669429516.8939443
2020-02-10,5395.0,5430.0,5115.0,5370.0,122565.41273124,645800829.9645087
2020-02-11,5370.0,5840.0,5240.0,5740.0,244247.69829883,1371616280.7040298
2020-02-12,5740.0,6025.0,5650.0,5835.0,213128.45135814,1251947985.735985
2020-02-13,5835.0,5985.0,5260.0,5650.0,384209.0716923,2198373856.4084024
2020-02-14,5655.0,5900.0,5565.0,5870.0,204502.25286065,1162293536.9469912
2020-02-15,5870.0,5925.0,5165.0,5370.0,469138.74165953,2669217283.114097
2020-02-16,5370.0,5575.0,4710.0,5185.0,304542.22958341,1581723735.496126
2020-02-17,5170.0,5820.0,4605.0,5040.0,340892.26289376,1671461167.8711498
2020-02-18,5040.0,5240.0,4695.0,5150.0,284945.24858244,1413261323.7741976
2020-02-19,5175.0,5490.0,4900.0,4925.0,214774.29877931,1111090437.065148
2020-02-20,4930.0,5465.0,4880.0,5350.0,238985.44838871,1223243798.5539806
2020-02-21,5350.0,5895.0,5280.0,5880.0,368012.74784736,2061438756.9699414
2020-02-22,5890.0,6085.0,5535.0,5965.0,208468.3926544,1218351770.867716
2020-02-23,5990.0,6080.0,5620.0,5670.0,236535.7945079,1373441939.5432446
2020-02-24,5670.0,5830.0,5130.0,5300.0,255332.02243782,1424193302.850101
2020-02-25,5300.0,5300.0,4870.0,4930.0,197090.54428394,1004685777.7317293
2020-02-26,4930.0,4960.0,4315.0,4455.0,259574.35951747,1199727148.8641338
2020-02-27,4465.0,4675.0,4055.0,4495.0,424106.54664596,1883812785.885096
2020-02-28,4495.0,4580.0,4150.0,4330.0,362876.63921411,1581473972.8524497
2020-02-29,4330.0,4445.0,4195.0,4195.0,104720.3606545,451390682.27959543
2020-03-01,4200.0,4310.0,3980.0,4080.0,176281.81538303,734482339.7302285
2020-03-02,4085.0,4520.0,4055.0,4430.0,161472.65819727,696249477.3650184
2020-03-03,4430.0,4440.0,4230.0,4335.0,132073.00111643,572103920.5886409
2020-03-04,4340.0,4640.0,4335.0,4480.0,178313.11229549,804953166.6002747
2020-03-05,4480.0,4680.0,4470.0,4490.0,111803.80662686,514335057.37317246
2020-03-06,4490.0,4620.0,4400.0,4565.0,109315.7268266,491692977.32647455
2020-03-07,4585.0,4590.0,4300.0,4340.0,56073.33072757,249276567.7435646
2020-03-08,4345.0,4345.0,3755.0,3795.0,154459.60696387,619987650.6350392
2020-03-09,3800.0,3915.0,3455.0,3715.0,176534.49242988,654551673.2454492
2020-03-10,3715.0,3870.0,3485.0,3715.0,144719.60409406,532587233.13654447
2020-03-11,3705.0,3740.0,3260.0,3595.0,170293.22777259,606255359.4530114
2020-03-12,3615.0,3620.0,1980.0,2140.0,635625.25685105,1740856351.1926055
2020-03-13,2140.0,2500.0,1510.0,2360.0,799504.14169716,1708982732.6356351
2020-03-14,2350.0,2545.0,2120.0,2420.0,506934.6471915,1183332662.6515713
2020-03-15,2425.0,2590.0,2360.0,2475.0,262303.12635985,644420451.1466539
2020-03-16,2475.0,2480.0,2000.0,2110.0,255188.11595167,552031200.6170748
2020-03-17,2130.0,2335.0,2085.0,2245.0,166908.19769933,375427419.79788876
2020-03-18,2240.0,2305.0,2075.0,2260.0,153517.99260933,333432020.4253619
2020-03-19,2260.0,2710.0,2225.0,2575.0,208561.26338921,502248859.3400728
2020-03-20,2580.0,3090.0,2360.0,2730.0,619071.60763036,1722648486.125167
2020-03-21,2740.0,2825.0,2520.0,2710.0,119454.18758204,317706639.6721741
2020-03-22,2710.0,2780.0,2430.0,2430.0,112934.11127602,293141197.36170393
2020-03-23,2430.0,2700.0,2380.0,2615.0,157034.31433143,397472990.5961392
2020-03-24,2625.0,2755.0,2585.0,2655.0,127370.99405089,338507372.87850684
2020-03-25,2665.0,2680.0,2550.0,2585.0,67112.38738705,174982522.0389168
2020-03-26,2585.0,2680.0,2545.0,2680.0,70749.33293845,183651447.3559502
2020-03-27,2680.0,2695.0,2450.0,2470.0,66723.14391837,171819540.56218135
2020-03-28,2470.0,2470.0,2270.0,2410.0,95699.44440093,227371182.96370676
2020-03-29,2415.0,2440.0,2260.0,2275.0,99139.10484632,230255526.1092832
2020-03-30,2275.0,2475.0,2265.0,2395.0,90693.89037191,215608729.8021434
2020-03-31,2395.0,2445.0,2345.0,2385.0,61054.81555785,145273937.44460055
2020-04-01,2385.0,2405.0,2320.0,2400.0,64560.45354337,152631253.34577674
2020-04-02,2395.0,2490.0,2350.0,2385.0,77578.76853361,187286232.95196974
2020-04-03,2385.0,2475.0,2380.0,2405.0,60271.23418875,145793698.9919362
2020-04-04,2405.0,2450.0,2385.0,2430.0,42168.83455494,101907431.5529462
2020-04-05,2435.0,2525.0,2430.0,2495.0,68624.93947989,169350388.41248095
2020-04-06,2495.0,2885.0,2495.0,2880.0,251295.23045642,674638047.3719127
2020-04-07,2885.0,3000.0,2750.0,2805.0,199981.0169273,574785065.0134537
2020-04-08,2815.0,2985.0,2790.0,2985.0,253394.20965985,726215229.8075697
2020-04-09,2985.0,3170.0,2880.0,3100.0,223320.75357134,670930052.2365768
2020-04-10,3115.0,3140.0,2675.0,2820.0,313078.35881925,890534462.5680081
2020-04-11,2820.0,2930.0,2755.0,2835.0,72943.07048448,208429463.3397002
2020-04-12,2835.0,2925.0,2765.0,2820.0,79135.10561968,225258996.76315996
2020-04-13,2815.0,2815.0,2695.0,2765.0,66693.60639675,182205670.47390175
2020-04-14,2770.0,2965.0,2735.0,2875.0,67336.79988009,191887201.29346746
2020-04-15,2870.0,2965.0,2775.0,2785.0,57977.34598947,166966323.9055206
2020-04-16,2770.0,2930.0,2685.0,2910.0,142767.92991578,402313988.66234577
2020-04-17,2915.0,2935.0,2845.0,2875.0,65726.64889711,189392033.9077877
2020-04-18,2885.0,3025.0,2880.0,3010.0,55139.97048453,162255641.70469105
2020-04-19,3015.0,3055.0,2900.0,2905.0,72442.12964268,214096288.90723774
2020-04-20,2905.0,2950.0,2790.0,2790.0,62271.00720188,179460853.1430238
2020-04-21,2785.0,2855.0,2770.0,2790.0,44130.70945937,123949574.97588944
2020-04-22,2805.0,2915.0,2780.0,2895.0,38261.64246947,108766014.3140471
2020-04-23,2905.0,3010.0,2835.0,2925.0,95514.98250846,280187640.3420712
2020-04-24,2930.0,3400.0,2930.0,3330.0,313834.97023722,989692464.1594684
2020-04-25,3330.0,3570.0,3245.0,3490.0,308131.11578055,1045708743.8529569
2020-04-26,3490.0,3530.0,3355.0,3410.0,176059.35746677,603744644.5738521
2020-04-27,3410.0,3445.0,3235.0,3375.0,179932.24653434,602799091.6256334
2020-04-28,3380.0,3455.0,3305.0,3410.0,94205.17270503,319161774.5807381
2020-04-29,3410.0,3560.0,3365.0,3515.0,116254.53086999,400587197.95641005
2020-04-30,3515.0,3710.0,3270.0,3315.0,136371.26909424,478608998.7772189
2020-05-01,3315.0,3545.0,3315.0,3455.0,105633.47338157,363150111.12180835
2020-05-02,3450.0,3510.0,3400.0,3505.0,35910.59042629,124050604.9310211
2020-05-03,3505.0,3520.0,3365.0,3395.0,54581.0336367,188142253.1769489
2020-05-04,3420.0,3420.0,3135.0,3360.0,89225.31897594,292874252.3872065
2020-05-05,3380.0,3400.0,3260.0,3295.0,46462.68608763,153562987.5391781
2020-05-06,3290.0,3360.0,3225.0,3235.0,63907.20396923,210735043.85330445
2020-05-07,3230.0,3375.0,3200.0,3270.0,102862.47308097,336207371.2123441
2020-05-08,3280.0,3440.0,3250.0,3405.0,156209.71263406,523784441.0590516
2020-05-09,3405.0,3445.0,3300.0,3330.0,100570.85611245,339604021.3942903
2020-05-10,3335.0,3335.0,2910.0,3070.0,206318.98243467,635950604.6162575
2020-05-11,3080.0,3125.0,2825.0,2905.0,130131.73863066,384566117.8804242
2020-05-12,2930.0,3070.0,2915.0,3025.0,54413.63446994,162463315.41919804
2020-05-13,3025.0,3115.0,2965.0,3085.0,50277.72640004,152191155.68183604
2020-05-14,3085.0,3100.0,2985.0,3055.0,52741.69463717,160132760.23525026
2020-05-15,3050.0,3100.0,2970.0,3005.0,47258.56830993,143547391.354683
2020-05-16,3010.0,3110.0,2975.0,3080.0,50315.31326267,152984819.6033809
2020-05-17,3090.0,3155.0,3050.0,3050.0,26040.33224768,80776795.66806304
2020-05-18,3055.0,3180.0,3055.0,3125.0,87389.1858127,273194032.739984
2020-05-19,3125.0,3145.0,3050.0,3140.0,50800.091325,157407216.74041244
2020-05-20,3140.0,3295.0,3075.0,3290.0,147520.94244049,472673480.59655476
2020-05-21,3290.0,3310.0,3000.0,3070.0,199353.57609808,633727418.8004365
2020-05-22,3070.0,3255.0,3030.0,3210.0,130322.19434926,407193457.8651758
2020-05-23,3220.0,3250.0,3125.0,3145.0,63714.99480944,203104926.7263995
2020-05-24,3145.0,3205.0,3050.0,3055.0,87075.09185109,274166870.38272643
2020-05-25,3055.0,3200.0,3000.0,3185.0,189956.36507494,587816747.3787076
2020-05-26,3175.0,3190.0,3090.0,3135.0,111809.0931365,351842164.92940193
2020-05-27,3140.0,3265.0,3130.0,3160.0,138011.05746343,440547383.8054484
2020-05-28,3160.0,3245.0,3125.0,3225.0,88443.84410105,280366335.0516437
2020-05-29,3225.0,3270.0,3185.0,3250.0,86430.65954594,278413480.7733217
2020-05-30,3240.0,3400.0,3205.0,3365.0,136295.10115382,452388420.93731827
2020-05-31,3370.0,3455.0,3275.0,3310.0,103890.03392924,350585982.37120956
2020-06-01,3310.0,3410.0,3260.0,3395.0,125818.69777718,421198806.5744468
2020-06-02,3390.0,3520.0,3180.0,3345.0,193705.80017705,651208901.6165831
2020-06-03,3350.0,3515.0,3305.0,3515.0,77498.02449032,263365360.4452895
2020-06-04,3510.0,3795.0,3490.0,3755.0,272814.88995682,1005693984.6999907
2020-06-05,3750.0,3840.0,3640.0,3730.0,192948.30499537,723540879.9413218
2020-06-06,3725.0,3790.0,3665.0,3685.0,65520.40612028,244877271.68463296
2020-06-07,3680.0,3730.0,3480.0,3635.0,95503.36049041,344134252.75282186
2020-06-08,3625.0,3780.0,3595.0,3765.0,71769.29256415,264030756.56651956
2020-06-09,3775.0,3810.0,3700.0,3730.0,79888.17327611,300728744.1333414
2020-06-10,3725.0,3730.0,3610.0,3700.0,54057.72261669,198531615.5472366
2020-06-11,3705.0,3870.0,3265.0,3310.0,157524.51356814,552414090.2491281
2020-06-12,3310.0,3510.0,3280.0,3445.0,91816.57124056,313289955.86321807
2020-06-13,3455.0,3480.0,3400.0,3450.0,32433.09864849,111428112.6216778
2020-06-14,3465.0,3470.0,3285.0,3330.0,61708.61411691,208701974.76213616
2020-06-15,3320.0,3365.0,3060.0,3260.0,139245.24069685,442597929.49362713
2020-06-16,3255.0,3310.0,3220.0,3275.0,50278.93706202,164653378.1932117
2020-06-17,3280.0,3310.0,3205.0,3275.0,118037.34924893,384864035.8747156
2020-06-18,3270.0,3280.0,3160.0,3200.0,88607.23976792,285226046.8246506
2020-06-19,3200.0,3210.0,3095.0,3150.0,125870.93295761,397279817.53680927
2020-06-20,3150.0,3175.0,3100.0,3165.0,74488.53165556,233486651.88237664
2020-06-21,3170.0,3185.0,3105.0,3150.0,49496.65553276,155964857.4518208
2020-06-22,3145.0,3270.0,3135.0,3215.0,88071.25053767,282980761.4428803
2020-06-23,3220.0,3390.0,3185.0,3320.0,106343.23381693,348825837.64542294
2020-06-24,3320.0,3440.0,3185.0,3245.0,128863.70876918,427821926.07626224
2020-06-25,3235.0,3245.0,3060.0,3160.0,79021.70577394,249552750.5430806
2020-06-26,3160.0,3190.0,3020.0,3165.0,103471.30137447,320163033.3249558
2020-06-27,3150.0,3260.0,2780.0,2945.0,73712.06160327,224690810.30404815
2020-06-28,2940.0,3085.0,2870.0,3015.0,50604.83073285,150025873.4434341
2020-06-29,3010.0,3195.0,2960.0,3170.0,111519.20212635,342072527.8362452
2020-06-30,3165.0,3190.0,3085.0,3095.0,77030.21539383,241510329.26416495
2020-07-01,3095.0,3200.0,3070.0,3180.0,49001.49597273,153966886.6482475
2020-07-02,3185.0,3330.0,3135.0,3195.0,91128.22300461,294031434.8561334
2020-07-03,3170.0,3345.0,3135.0,3235.0,114739.16560214,374528528.917213
2020-07-04,3225.0,3315.0,3220.0,3315.0,51897.05424494,169894725.89838326
2020-07-05,3315.0,3555.0,3280.0,3510.0,178581.85807054,607615151.732377
2020-07-06,3525.0,3725.0,3480.0,3590.0,263119.65677283,948764146.4538496
2020-07-07,3590.0,3885.0,3520.0,3850.0,182718.61868011,674632840.1642066
2020-07-08,3850.0,4230.0,3735.0,4195.0,213935.00858111,865008822.803859
2020-07-09,4195.0,4510.0,4035.0,4500.0,209099.45064532,890642160.4036332
2020-07-10,4505.0,4950.0,4250.0,4830.0,307708.86861982,1398539287.007479
2020-07-11,4825.0,5305.0,4590.0,4670.0,589091.4062324,2942904133.6560826
2020-07-12,4660.0,4955.0,4590.0,4785.0,422123.14617698,2022343136.4103162
2020-07-13,4780.0,5145.0,4400.0,4610.0,506289.0071515,2470020139.189313
2020-07-14,4610.0,4810.0,4530.0,4715.0,271920.28006973,1266113951.7406442
2020-07-15,4715.0,4930.0,4600.0,4815.0,114031.44760278,539665011.4995526
2020-07-16,4840.0,5130.0,4455.0,4885.0,340569.65587242,1626655259.1326673
2020-07-17,4850.0,5075.0,4725.0,4960.0,171602.3997452,843850638.0252753
2020-07-18,4960.0,5375.0,4910.0,5190.0,238528.32288774,1225226658.5953112
2020-07-19,5190.0,5380.0,4745.0,4995.0,275451.94609472,1404738821.4530578
2020-07-20,4990.0,5065.0,4625.0,4645.0,223087.75778463,1076890575.6907988
2020-07-21,4645.0,4850.0,4480.0,4740.0,170603.14583966,797248642.4231966
2020-07-22,4740.0,4815.0,4635.0,4745.0,102982.26155965,484425664.98007816
2020-07-23,4745.0,4855.0,4635.0,4685.0,116235.78036932,555603937.3705252
2020-07-24,4680.0,4700.0,4495.0,4545.0,84772.49579388,391694365.2470707
2020-07-25,4555.0,4690.0,4480.0,4620.0,128422.97399498,589411382.3269461
2020-07-26,4630.0,4630.0,4400.0,4505.0,149936.32146221,679016204.2325021
2020-07-27,4505.0,4630.0,3890.0,4200.0,204034.74815002,895570657.9486485
2020-07-28,4225.0,4445.0,4175.0,4390.0,124294.52722809,535304037.8012834
2020-07-29,4390.0,4525.0,4280.0,4295.0,123092.00161375,543727237.5205251
2020-07-30,4305.0,4450.0,4245.0,4385.0,105877.8403442,461744101.85963494
2020-07-31,4400.0,4550.0,4340.0,4490.0,102190.65053977,455631744.8681618
2020-08-01,4490.0,4875.0,4490.0,4835.0,194081.41733153,921644565.9594742
2020-08-02,4825.0,5015.0,4000.0,4590.0,223326.1463107,1037689762.8485577
2020-08-03,4590.0,4840.0,4500.0,4540.0,142233.45792303,668570440.3311944
2020-08-04,4540.0,4810.0,4520.0,4780.0,101971.69215027,476013511.94341874
2020-08-05,4780.0,4965.0,4690.0,4910.0,145202.37396284,703366001.2368578
2020-08-06,4895.0,5005.0,4850.0,4925.0,74890.94031582,370067155.9861382
2020-08-07,4925.0,4955.0,4650.0,4765.0,127919.88660942,618988365.6030126
2020-08-08,4765.0,5235.0,4715.0,5215.0,124607.85918388,610949481.8666
2020-08-09,5220.0,6425.0,5070.0,6235.0,593162.97224309,3454164990.625356
2020-08-10,6240.0,7000.0,6040.0,6445.0,528356.85217217,3393905533.11937
2020-08-11,6455.0,6550.0,5610.0,5885.0,161585.92505586,968542794.4556649
2020-08-12,5900.0,7110.0,5815.0,7005.0,414233.94636169,2663111301.183282
2020-08-13,7000.0,7775.0,6500.0,7145.0,438014.41314282,3084831525.433594
2020-08-14,7145.0,7760.0,6975.0,7165.0,264071.71249328,1944550156.4552171
2020-08-15,7170.0,7455.0,6970.0,7135.0,108806.09890892,778398828.927428
2020-08-16,7120.0,7465.0,6800.0,7265.0,199871.81788192,1412570976.3366146
2020-08-17,7270.0,7380.0,6850.0,6855.0,192944.7361117,1373156499.518308
2020-08-18,6855.0,7150.0,6440.0,6810.0,176529.85545442,1206264843.1158848
2020-08-19,6830.0,6945.0,6245.0,6715.0,237075.80047347,1559423629.2253168
2020-08-20,6720.0,7500.0,6540.0,7410.0,204462.93470376,1447723557.2159793
2020-08-21,7410.0,7785.0,6700.0,6700.0,210597.59189523,1529041920.0154912
2020-08-22,6725.0,7700.0,6405.0,7630.0,267981.26834479,1935658226.1945937
2020-08-23,7610.0,10200.0,7505.0,10080.0,1530612.94783205,13696291180.8572
2020-08-24,10110.0,10160.0,9060.0,9705.0,585215.60104019,5598789574.368212
2020-08-25,9705.0,10500.0,9200.0,10010.0,568764.18923235,5637754452.252856
2020-08-26,10010.0,10330.0,9070.0,9130.0,231872.20949923,2233306207.342374
2020-08-27,9130.0,9360.0,8240.0,8585.0,202406.17683577,1785861419.4945834
2020-08-28,8635.0,9200.0,8410.0,8905.0,107083.70912673,943363363.8288224
2020-08-29,8895.0,8930.0,8550.0,8550.0,91915.87288296,804524162.522736
2020-08-30,8550.0,9300.0,8520.0,8910.0,141826.86487793,1261426790.9417927
2020-08-31,8905.0,9165.0,8450.0,8505.0,88722.66499829,780112769.9893864
2020-09-01,8505.0,8940.0,8265.0,8475.0,116439.50104125,1000426682.7029408
2020-09-02,8465.0,8540.0,7605.0,7940.0,124820.77165687,1013803280.7083051
2020-09-03,7925.0,8040.0,5620.0,5965.0,276740.69226909,1926107018.1139529
2020-09-04,6000.0,6820.0,5725.0,6650.0,439619.41153999,2757258565.058967
2020-09-05,6610.0,6915.0,5680.0,5995.0,210178.04280449,1321308816.4251652
2020-09-06,5985.0,6460.0,5375.0,6275.0,205645.90568942,1218137916.3777802
2020-09-07,6275.0,6340.0,5515.0,6040.0,172394.13891625,1020484384.2056429
2020-09-08,6040.0,6165.0,5660.0,5920.0,140914.77740047,835238796.604133
2020-09-09,5905.0,6535.0,5835.0,6340.0,142346.25733781,878332799.7031543
2020-09-10,6325.0,6610.0,6160.0,6355.0,247056.06580055,1568817428.8575554
2020-09-11,6360.0,6450.0,6055.0,6355.0,129500.80628553,807365104.8807567
2020-09-12,6355.0,6765.0,6115.0,6655.0,182761.65167486,1180722050.574185
2020-09-13,6650.0,6950.0,6105.0,6360.0,202106.65682572,1317222742.7785885
2020-09-14,6365.0,6560.0,6130.0,6430.0,106799.70468521,675989388.9093801
2020-09-15,6430.0,6450.0,5660.0,5780.0,176516.9445985,1061819918.2979096
2020-09-16,5780.0,6135.0,5590.0,6045.0,157460.43832026,913885566.6172183
2020-09-17,6030.0,6135.0,5730.0,5955.0,75772.12205361,448054691.2772707
2020-09-18,5925.0,6080.0,5620.0,5825.0,69286.21116412,406954462.3865091
2020-09-19,5815.0,5875.0,5690.0,5790.0,34591.80820475,200221418.27891266
2020-09-20,5790.0,5945.0,5290.0,5490.0,110113.9341182,617125388.9355506
2020-09-21,5465.0,5555.0,4670.0,4815.0,188557.92756447,943705424.0653466
2020-09-22,4825.0,5000.0,4680.0,4920.0,110135.57571981,538357504.177099
2020-09-23,4925.0,5030.0,4445.0,4515.0,107764.85531086,517438277.9251291
2020-09-24,4495.0,5290.0,4440.0,5225.0,134029.31693723,662839473.7929549
2020-09-25,5225.0,5600.0,5055.0,5600.0,141380.71015773,751483153.0795768
2020-09-26,5580.0,5615.0,5220.0,5365.0,90491.23742813,488724577.7304176
2020-09-27,5365.0,5590.0,5270.0,5525.0,111035.92333822,603846188.3038611
2020-09-28,5520.0,6040.0,5465.0,5630.0,136336.76391379,789614321.7120513
2020-09-29,5630.0,6250.0,5580.0,6155.0,141942.02829299,829256219.6369183
2020-09-30,6155.0,6480.0,6035.0,6260.0,114895.99459992,723879393.8894492
2020-10-01,6245.0,6505.0,5830.0,6010.0,122064.58652822,760341603.0257007
2020-10-02,6010.0,6155.0,5490.0,5755.0,111882.92232782,645145113.8266891
2020-10-03,5760.0,6015.0,5745.0,5895.0,45139.63961748,266026110.83687434
2020-10-04,5890.0,6285.0,5705.0,6210.0,85444.37252316,521936241.662509
2020-10-05,6215.0,6290.0,6010.0,6255.0,186989.18451306,1145276726.5877132
2020-10-06,6255.0,6265.0,5500.0,5550.0,105871.30445288,628664509.0809035
2020-10-07,5550.0,5745.0,5305.0,5710.0,51969.41248357,286130654.750411
2020-10-08,5710.0,5910.0,5390.0,5805.0,50686.01718042,286659141.6611402
2020-10-09,5800.0,6045.0,5680.0,5880.0,116924.55296759,692672153.9030305
2020-10-10,5895.0,6490.0,5870.0,6300.0,72906.75120338,452111076.420027
2020-10-11,6305.0,7110.0,6175.0,6880.0,217469.45069802,1458800916.5217075
2020-10-12,6900.0,7125.0,6640.0,6825.0,115226.66357264,794093304.3530059
2020-10-13,6825.0,7070.0,6700.0,6920.0,61461.90995812,421650187.37885976
2020-10-14,6905.0,7050.0,6510.0,6610.0,67135.45505969,457222660.4346725
2020-10-15,6600.0,6780.0,6340.0,6615.0,73812.71252078,479686248.1177382
2020-10-16,6645.0,6710.0,6135.0,6265.0,49701.26832731,314848945.051495
2020-10-17,6230.0,6340.0,6100.0,6295.0,15643.45635454,97213326.85347556
2020-10-18,6295.0,6640.0,6255.0,6605.0,32961.29049688,213663426.12486896
2020-10-19,6615.0,6615.0,6250.0,6275.0,51754.50797145,332227632.81784576
2020-10-20,6280.0,6285.0,5750.0,5755.0,80012.94776706,480864611.7472884
2020-10-21,5755.0,6190.0,5740.0,5920.0,65694.78981946,391212575.40950596
2020-10-22,5910.0,6250.0,5905.0,6085.0,46866.24207116,284925420.62679327
2020-10-23,6110.0,6180.0,5860.0,6050.0,61985.02819789,374588275.6245784
2020-10-24,6055.0,6305.0,5935.0,6255.0,52016.55534804,315821351.21705264
2020-10-25,6245.0,6370.0,5930.0,5975.0,60387.72699391,373059259.920377
2020-10-26,5975.0,6035.0,5670.0,5820.0,61448.91260814,361892179.030085
2020-10-27,5820.0,5995.0,5710.0,5775.0,46929.11564939,274392152.941578
2020-10-28,5755.0,5785.0,5360.0,5460.0,44724.87474179,249589691.64610744
2020-10-29,5460.0,5500.0,5115.0,5245.0,47479.93916249,252978697.5551062
2020-10-30,5240.0,5325.0,4935.0,5240.0,63745.10339602,324713872.6996881
2020-10-31,5240.0,5410.0,5200.0,5240.0,46001.7220056,245080194.64540195
2020-11-01,5220.0,5500.0,5160.0,5350.0,39214.37305129,210690568.99255744
2020-11-02,5350.0,5505.0,5165.0,5245.0,41554.88274019,222616142.8238485
2020-11-03,5220.0,5225.0,4935.0,5095.0,49593.36174409,249890230.7953823
2020-11-04,5065.0,5100.0,4765.0,4950.0,93845.05244861,462849628.14294994
2020-11-05,4965.0,5110.0,4815.0,5020.0,86782.72577029,431016334.8855047
2020-11-06,5015.0,5515.0,4940.0,5475.0,175823.22075461,927799602.2373792
2020-11-07,5470.0,5755.0,5070.0,5185.0,172878.30806419,945633539.7777457
2020-11-08,5185.0,5465.0,5120.0,5375.0,62271.49271813,329791203.9094857
2020-11-09,5380.0,5830.0,5215.0,5765.0,131431.70869186,725719533.9929278
2020-11-10,5755.0,5880.0,5485.0,5665.0,151764.99143442,865530174.5171019
2020-11-11,5665.0,5820.0,5560.0,5585.0,63490.4338862,360960133.8935037
2020-11-12,5585.0,5870.0,5500.0,5550.0,100409.77314383,575856967.8452535
2020-11-13,5550.0,5790.0,5520.0,5735.0,57160.10816704,325036280.3770199
2020-11-14,5735.0,5780.0,5550.0,5615.0,59383.47163153,336066744.93350625
2020-11-15,5590.0,5660.0,5410.0,5520.0,46462.61307564,256842731.4151673
2020-11-16,5500.0,5690.0,5430.0,5560.0,70682.4815517,395275741.66760266
2020-11-17,5560.0,5830.0,5550.0,5785.0,54786.91120843,312051307.1675913
2020-11-18,5785.0,5855.0,5415.0,5640.0,124373.3711685,704277201.9180785
2020-11-19,5665.0,5755.0,5555.0,5670.0,55867.64380775,316441033.9115672
2020-11-20,5670.0,6040.0,5650.0,5835.0,159140.25727299,935237550.292246
2020-11-21,5855.0,6470.0,5820.0,6450.0,224174.3164711,1373647286.229156
2020-11-22,6450.0,6500.0,5855.0,6035.0,198234.68073932,1211848787.1301928
2020-11-23,6050.0,6460.0,5990.0,6350.0,180601.20162067,1119168778.9805596
2020-11-24,6365.0,7045.0,6220.0,6535.0,301981.01587123,2005639846.8648968
2020-11-25,6535.0,7095.0,6420.0,6620.0,401537.19994991,2737472140.8408065
2020-11-26,6605.0,7440.0,5670.0,5980.0,1908479.26019199,12636833825.930933
2020-11-27,5980.0,6140.0,5615.0,5995.0,186237.7501226,1095815218.9840689
2020-11-28,6000.0,6115.0,5840.0,5995.0,141585.43715763,848135230.0072012
2020-11-29,6000.0,6085.0,5850.0,5955.0,87460.03432262,522078180.3936822
2020-11-30,5970.0,6110.0,5810.0,6035.0,147888.52232145,886884886.6472753
2020-12-01,6035.0,6205.0,5655.0,5845.0,218094.00348993,1300885498.4774668
2020-12-02,5845.0,6085.0,5760.0,6040.0,111203.27497116,655847235.3164836
2020-12-03,6050.0,6150.0,5890.0,6000.0,121047.88479341,724798505.9422133
2020-12-04,6000.0,6030.0,5500.0,5575.0,126464.80559567,736384104.6786138
2020-12-05,5575.0,5765.0,5495.0,5705.0,95336.69596437,534312724.2386994
2020-12-06,5715.0,5735.0,5540.0,5645.0,59790.71239331,336573313.8622516
2020-12-07,5645.0,5665.0,5540.0,5550.0,45683.73646951,256010447.17508504
2020-12-08,5550.0,5570.0,5120.0,5170.0,122504.83189632,659160580.7711483
2020-12-09,5180.0,5320.0,4955.0,5245.0,152757.40689176,787575175.2497479
2020-12-10,5265.0,5270.0,5090.0,5105.0,61947.48815561,320356211.3204633
2020-12-11,5090.0,5330.0,4960.0,5135.0,129791.51517782,661953975.4754587
2020-12-12,5130.0,5570.0,5130.0,5540.0,94658.86960568,507723189.4548494
2020-12-13,5555.0,5845.0,5530.0,5620.0,240591.50714351,1380413445.3052428
2020-12-14,5620.0,5795.0,5495.0,5685.0,102758.72926291,573420941.7819892
2020-12-15,5690.0,5810.0,5530.0,5750.0,72032.51630159,409543102.03731066
2020-12-16,5755.0,5980.0,5605.0,5905.0,140744.76092049,823204071.5738683
2020-12-17,5910.0,6130.0,5745.0,5800.0,249653.91154696,1490734667.2399867
2020-12-18,5805.0,5910.0,5645.0,5795.0,116664.35108723,678348374.2407848
2020-12-19,5800.0,5955.0,5770.0,5825.0,177506.90069879,1038449507.2987711
2020-12-20,5825.0,5890.0,5500.0,5545.0,178849.21737324,1023401311.2139498
2020-12-21,5540.0,5690.0,5340.0,5630.0,250167.43274781,1382660146.6872506
2020-12-22,5630.0,5680.0,5280.0,5565.0,192862.51952069,1058057384.5517402
2020-12-23,5565.0,5610.0,4840.0,4960.0,183369.87069846,960129247.7175281
2020-12-24,4985.0,5585.0,4820.0,5525.0,162349.44910628,844292092.4109931
2020-12-25,5525.0,5575.0,5220.0,5400.0,83169.37596081,450921853.17688894
2020-12-26,5400.0,5460.0,5230.0,5345.0,66644.4314703,357236850.3036917
2020-12-27,5345.0,5535.0,5080.0,5405.0,337258.62178291,1808556672.2205958
2020-12-28,5410.0,6185.0,5355.0,6030.0,670150.90401095,3901695796.909536
2020-12-29,6010.0,6350.0,5675.0,6270.0,459067.81953004,2759661791.251219
2020-12-30,6270.0,6495.0,5950.0,6015.0,346474.41637666,2150689405.7505946
2020-12-31,6000.0,7200.0,5820.0,7150.0,692893.63332491,4519095693.922474
2021-01-01,7155.0,7200.0,6230.0,6465.0,818431.32690333,5452001758.950896
2021-01-02,6460.0,6475.0,5845.0,6000.0,922903.17504042,5635258795.312324
2021-01-03,6005.0,6650.0,5905.0,6610.0,854961.75350609,5333634014.130192
2021-01-04,6610.0,7170.0,5990.0,6885.0,1133546.28211593,7589212241.604199
2021-01-05,6885.0,7200.0,6460.0,6980.0,601404.62251953,4124380311.373002
2021-01-06,6980.0,7690.0,6640.0,7405.0,1377207.02271233,9818466479.548334
2021-01-07,7405.0,7660.0,6665.0,7115.0,1166190.96070355,8565514567.950293
2021-01-08,7115.0,7225.0,6675.0,6905.0,769067.31242442,5355908935.040959
2021-01-09,6900.0,7770.0,6765.0,7450.0,1339449.06377655,9923426622.334435
2021-01-10,7460.0,8145.0,6680.0,7295.0,2025486.74861883,15280293600.397148
2021-01-11,7290.0,7300.0,5765.0,6485.0,1063196.78962589,6779226944.921618
2021-01-12,6480.0,6950.0,6165.0,6470.0,766750.82440142,5021549511.194445
2021-01-13,6450.0,6945.0,6320.0,6895.0,444888.81022572,2947106022.95055
2021-01-14,6920.0,7210.0,6730.0,7100.0,766573.70962976,5380502451.762486
2021-01-15,7100.0,9465.0,6950.0,8800.0,10759555.64456914,91856800497.0894
2021-01-16,8800.0,10900.0,8435.0,10080.0,6859807.07805164,65880761978.91036
2021-01-17,10050.0,10240.0,8940.0,9415.0,2116835.77464728,20071640305.1481
2021-01-18,9415.0,10850.0,9400.0,10380.0,2764349.0578907,27811575741.83229
2021-01-19,10400.0,11380.0,9785.0,9830.0,2032209.79823695,21375931924.94294
2021-01-20,9830.0,10440.0,8925.0,9850.0,1284179.19737749,12440655555.296747
2021-01-21,9850.0,9970.0,8010.0,8030.0,934264.33859656,8387827664.587944
2021-01-22,8030.0,9345.0,7245.0,8820.0,1511996.0934044,12794957520.223286
2021-01-23,8820.0,9625.0,8650.0,9240.0,1602120.73376202,14800917006.211878
2021-01-24,9240.0,9675.0,8705.0,9115.0,821993.31772136,7596888872.779557
2021-01-25,9115.0,9385.0,8610.0,8660.0,743435.23834397,6722021519.447451
2021-01-26,8665.0,8870.0,8310.0,8560.0,517681.54236775,4438457623.432561
2021-01-27,8560.0,8680.0,7650.0,7905.0,951876.81077772,7725344645.433162
2021-01-28,7880.0,9465.0,7710.0,8845.0,1502744.25483723,13155035251.00654
2021-01-29,8885.0,9370.0,8495.0,8740.0,978957.43243242,8569892654.401176
2021-01-30,8740.0,9125.0,8500.0,8690.0,546995.76208762,4812454821.180977
2021-01-31,8695.0,9735.0,8565.0,8950.0,1038859.584284,9600419233.528366
2021-02-01,8950.0,10070.0,8565.0,10070.0,814244.32703327,7407147659.43822
2021-02-02,10070.0,10100.0,9365.0,9525.0,481951.15902005,4665074467.694681
2021-02-03,9510.0,9875.0,9350.0,9750.0,462910.08085818,4427260577.240154
2021-02-04,9750.0,10000.0,9080.0,9875.0,434056.28194595,4193169460.0132694
2021-02-05,9890.0,13530.0,9750.0,12870.0,1778753.53501161,21100318266.73964
2021-02-06,12860.0,14500.0,12040.0,12850.0,1292678.22962613,17015515750.845734
2021-02-07,12850.0,15180.0,12390.0,14930.0,1096265.19718392,15325175507.347544
2021-02-08,14930.0,16300.0,14360.0,14980.0,949466.47731952,14561998597.481737
2021-02-09,15050.0,16380.0,14550.0,15780.0,486855.81311349,7498134278.798456
2021-02-10,15770.0,16590.0,14730.0,16220.0,646114.21760458,10192246732.703215
2021-02-11,16210.0,19570.0,16050.0,18880.0,787490.51210999,14014936715.377441
2021-02-12,18860.0,23700.0,18400.0,22640.0,1858791.14669322,40580406097.18886
2021-02-13,22640.0,24180.0,20650.0,21810.0,1223471.26890426,27370864469.718903
2021-02-14,21840.0,22190.0,19870.0,20750.0,654476.91060655,13926803053.6222
2021-02-15,20750.0,26840.0,16520.0,24670.0,1608310.82775864,35524599356.44663
2021-02-16,24560.0,29540.0,24110.0,27960.0,2581123.38843762,70982318830.5695
2021-02-17,27960.0,28670.0,25190.0,26250.0,1569435.30908524,41683453693.465675
2021-02-18,26270.0,27600.0,25500.0,25960.0,1135724.86926662,29997696499.629093
2021-02-19,25960.0,26370.0,24250.0,26190.0,893584.57780382,22745520551.908234
2021-02-20,26190.0,27970.0,24300.0,24940.0,1424298.79886792,37955607186.763504
2021-02-21,24970.0,25760.0,23690.0,24700.0,902933.27310154,22330223027.84249
2021-02-22,24700.0,24720.0,19400.0,23720.0,1122934.51643588,25357657620.304134
2021-02-23,23720.0,26520.0,16350.0,21840.0,2662479.73858955,59279724490.17814
2021-02-24,21840.0,23140.0,20320.0,21780.0,974587.95144902,21470516011.633823
2021-02-25,21800.0,23230.0,20100.0,20260.0,772103.6985475,16785917283.241732
2021-02-26,20360.0,22020.0,18720.0,22020.0,867260.72366063,17519699564.486286
2021-02-27,22010.0,23990.0,21470.0,22210.0,747730.95428837,17015532898.153215
2021-02-28,22210.0,22410.0,19140.0,20220.0,446822.31875924,9191758586.75826
2021-03-01,20250.0,21330.0,20020.0,21320.0,412733.16309048,8580537775.392902
2021-03-02,21340.0,23300.0,20750.0,21810.0,571532.78253103,12753096078.291376
2021-03-03,21880.0,25170.0,21360.0,24600.0,581028.2333168,13301303230.986666
2021-03-04,24610.0,25140.0,21300.0,21980.0,599305.86626778,13908423236.68141
2021-03-05,21980.0,22590.0,21070.0,21720.0,566392.56195816,12389603209.59398
2021-03-06,21720.0,22070.0,21150.0,21790.0,248285.35667793,5381544830.444041
2021-03-07,21790.0,22290.0,21500.0,22250.0,239524.97295094,5246618960.012344
2021-03-08,22250.0,22700.0,21400.0,22190.0,371738.46311123,8144037167.500235
2021-03-09,22190.0,24270.0,21810.0,24240.0,528511.79577579,12062719422.485931
2021-03-10,24230.0,24240.0,22130.0,22670.0,443825.62681904,10200031592.147186
2021-03-11,22670.0,22750.0,21650.0,22200.0,299872.65826788,6659268614.738674
2021-03-12,22220.0,22590.0,20790.0,21580.0,479093.89332174,10412527380.949343
2021-03-13,21580.0,22850.0,20850.0,22450.0,601181.47224589,13233354588.231968
2021-03-14,22400.0,22550.0,21300.0,21430.0,339683.76063679,7442814385.885293
2021-03-15,21430.0,24470.0,20240.0,22960.0,834224.44955731,18695784158.93692
2021-03-16,22960.0,25570.0,21610.0,24430.0,675290.27122165,15950955658.393715
2021-03-17,24470.0,25180.0,22440.0,24360.0,488039.9064101,11635606989.607693
2021-03-18,24370.0,28770.0,23750.0,25710.0,805226.97987723,21011881351.7372
2021-03-19,25710.0,27050.0,25000.0,25990.0,364041.67325132,9555471500.09727
2021-03-20,25950.0,26750.0,24090.0,24400.0,368495.26720433,9548774828.467936
2021-03-21,24400.0,24980.0,23380.0,24000.0,325315.97304496,7848350313.9409895
2021-03-22,24000.0,27140.0,22910.0,22910.0,728716.55977976,17784573156.815823
2021-03-23,22910.0,23660.0,22150.0,22610.0,415580.12427445,9555841035.612928
2021-03-24,22670.0,23710.0,20590.0,21650.0,543505.09913813,12307542485.917042
2021-03-25,21630.0,22050.0,20530.0,21100.0,443772.70122159,9456053213.059801
2021-03-26,21100.0,22780.0,21010.0,22600.0,345750.16190219,7589749097.623246
2021-03-27,22600.0,22900.0,21760.0,22310.0,241650.94960919,5405764905.29805
2021-03-28,22350.0,23920.0,22050.0,23290.0,373354.24476342,8596842722.394897
2021-03-29,23290.0,25180.0,22960.0,24210.0,572067.99941673,13692067921.566818
2021-03-30,24180.0,24660.0,23550.0,24110.0,537311.98402046,12891690139.679005
2021-03-31,24120.0,24280.0,22440.0,23310.0,722738.89461266,16888458921.395996
2021-04-01,23310.0,24460.0,23010.0,24050.0,1016571.5134518,24174707456.437424
2021-04-02,24130.0,25580.0,23510.0,25520.0,872079.53816688,21378152182.689854
2021-04-03,25520.0,30580.0,25000.0,25400.0,2240352.27650527,61832185044.28356
2021-04-04,25400.0,27760.0,24800.0,27410.0,637717.13820902,16745289213.757984
2021-04-05,27380.0,29380.0,26040.0,28720.0,1429078.49057553,39831216946.93681
2021-04-06,28720.0,31090.0,25990.0,29090.0,1976278.80561563,57878153812.814606
2021-04-07,29090.0,30190.0,21000.0,25480.0,1656535.09467342,44447854455.28728
2021-04-08,25450.0,26750.0,24500.0,26670.0,664054.76360407,17133039850.371964
2021-04-09,26670.0,28040.0,26160.0,28040.0,719258.42311144,19531407865.635685
2021-04-10,28000.0,29480.0,27270.0,27600.0,880090.51897993,25072673540.696384
2021-04-11,27690.0,31000.0,26400.0,30740.0,1486538.34099407,42751044787.26054
2021-04-12,30740.0,31000.0,27950.0,28750.0,985220.41401105,29146283377.24661
2021-04-13,28800.0,31880.0,27710.0,30300.0,1017738.90728762,30121099400.471375
2021-04-14,30300.0,34670.0,29000.0,34630.0,1595722.53745888,50066285018.54362
2021-04-15,34620.0,36130.0,32830.0,35160.0,955253.60566983,32796782274.28568
2021-04-16,35000.0,35600.0,31030.0,33200.0,960458.43325925,31972795744.699448
2021-04-17,33200.0,35390.0,31550.0,31630.0,1116669.11310698,37425964032.81683
2021-04-18,31630.0,32240.0,24700.0,28880.0,1236079.98275143,34968300043.22939
2021-04-19,28880.0,29820.0,24510.0,24740.0,800575.22702,21683027545.286568
2021-04-20,24750.0,27160.0,21700.0,26470.0,1249973.60628351,30208300170.494656
2021-04-21,26470.0,26890.0,24200.0,24830.0,591318.76900399,15156341181.049528
2021-04-22,24840.0,25860.0,21110.0,21760.0,916337.54501074,22052110547.92675
2021-04-23,21510.0,24430.0,18500.0,24350.0,2335556.53756719,50150252200.884056
2021-04-24,24350.0,24430.0,22120.0,22390.0,427338.70400215,9892500683.319798
2021-04-25,22460.0,23870.0,21500.0,22840.0,427871.30502566,9744878804.898607
2021-04-26,22840.0,26760.0,22390.0,26220.0,651815.42666908,16127674283.053574
2021-04-27,26220.0,27540.0,25360.0,27170.0,505915.78362687,13448962333.360226
2021-04-28,27180.0,28220.0,25400.0,26830.0,570030.61493974,15376143773.999651
2021-04-29,26830.0,27020.0,25400.0,26420.0,280773.7568775,7391385434.186485
2021-04-30,26460.0,27920.0,25950.0,26710.0,423800.08922533,11456145665.384115
2021-05-01,26750.0,29250.0,26350.0,28340.0,594471.90709715,16605876237.552263
2021-05-02,28350.0,28590.0,26500.0,27900.0,311651.39080835,8607335459.202404
2021-05-03,27900.0,28700.0,27310.0,28130.0,485680.85773791,13621570802.6852
2021-05-04,28130.0,29000.0,26150.0,26380.0,1262337.77048167,35067664135.9115
2021-05-05,26370.0,29740.0,25860.0,29740.0,1491357.32991167,41779606688.63838
2021-05-06,29740.0,33190.0,28500.0,31210.0,1702068.63892238,53068910848.9909
2021-05-07,31220.0,39900.0,30010.0,34230.0,5112478.39865699,179264943381.19992
2021-05-08,34330.0,37940.0,32330.0,35970.0,1742362.61667141,61432725697.18257
2021-05-09,35950.0,36430.0,33100.0,35190.0,795292.58666798,27340876996.18407
2021-05-10,35190.0,36280.0,31550.0,32190.0,704891.6490657,24189269344.35265
2021-05-11,32190.0,33430.0,29800.0,33020.0,651844.8069581,20499000194.58716
2021-05-12,33150.0,33980.0,27800.0,28690.0,630918.29342723,20234049671.66326
2021-05-13,28490.0,31500.0,27460.0,29820.0,710305.7221586,21155610791.365166
2021-05-14,29820.0,31970.0,29440.0,31970.0,414147.58573378,12556776625.148396
2021-05-15,31920.0,35700.0,30200.0,30740.0,1902915.85932897,64067681527.0271
2021-05-16,30730.0,32550.0,28530.0,30100.0,686286.86388911,21213801669.725674
2021-05-17,30110.0,30170.0,25820.0,26210.0,618848.03533372,17147315737.582926
2021-05-18,26200.0,29050.0,25720.0,28350.0,554704.48295799,15294472539.435232
2021-05-19,28440.0,29100.0,15000.0,19010.0,3724297.60818759,77975830141.7112
2021-05-20,19120.0,21500.0,17000.0,21390.0,1467152.43298147,28875589622.363674
2021-05-21,21400.0,22180.0,15520.0,17910.0,1637945.8000559,30639467747.17823
2021-05-22,17920.0,17970.0,14380.0,15550.0,941401.46924942,15057641449.649582
2021-05-23,15570.0,16610.0,10740.0,14310.0,1839439.42520548,25385825535.422108
2021-05-24,14300.0,17570.0,13150.0,17570.0,1236102.57660718,19098736419.56406
2021-05-25,17580.0,18480.0,15380.0,17110.0,820510.65618125,13915266820.537138
2021-05-26,17070.0,18790.0,16580.0,18350.0,695933.22571238,12459439659.328531
2021-05-27,18350.0,18490.0,16640.0,17600.0,537344.51813226,9420480491.064945
2021-05-28,17600.0,17720.0,14630.0,15590.0,646483.47056501,10248196028.600267
2021-05-29,15560.0,17530.0,14120.0,14930.0,1187991.764586,19295958764.644203
2021-05-30,14870.0,15830.0,13610.0,15270.0,437505.10530026,6547842776.950711
2021-05-31,15240.0,16420.0,14410.0,16350.0,520066.19602363,8201126620.829736
2021-06-01,16390.0,17170.0,15890.0,16210.0,809794.34925528,13333226045.128466
2021-06-02,16210.0,16370.0,16030.0,16280.0,57210.7967104,926500279.0955952
