date,open,high,low,close,volume
2018-10-26,500.0,607.0,500.0,526.0,29797975.19284264
2018-10-27,526.0,563.0,515.0,519.0,11107374.10424002
2018-10-28,519.0,525.0,508.0,512.0,2266223.44434893
2018-10-29,512.0,516.0,469.0,473.0,39162813.23935587
2018-10-30,471.0,486.0,468.0,483.0,42748826.7181113
2018-10-31,484.0,494.0,468.0,486.0,37576169.71970523
2018-11-01,486.0,493.0,482.0,490.0,32775041.96461272
2018-11-02,490.0,490.0,478.0,483.0,926024.47332372
2018-11-03,483.0,484.0,465.0,470.0,486262.68437311
2018-11-04,470.0,470.0,456.0,460.0,605326.53827689
2018-11-05,460.0,464.0,435.0,438.0,613052.63763802
2018-11-06,438.0,454.0,430.0,453.0,726094.83528438
2018-11-07,453.0,462.0,442.0,458.0,525071.03098905
2018-11-08,461.0,462.0,445.0,456.0,292975.17848531
2018-11-09,455.0,455.0,440.0,442.0,481172.30356882
2018-11-10,444.0,447.0,439.0,443.0,231317.84361362
2018-11-11,446.0,447.0,429.0,433.0,148108.89571503
2018-11-12,434.0,439.0,421.0,427.0,210495.81244388
2018-11-13,427.0,429.0,404.0,406.0,299803.86095851
2018-11-14,407.0,416.0,341.0,358.0,484839.09792327
2018-11-15,358.0,362.0,297.0,334.0,320755.07214867
2018-11-16,334.0,343.0,309.0,322.0,91265.785829
2018-11-17,322.0,326.0,300.0,309.0,179360.75903987
2018-11-18,310.0,320.0,302.0,310.0,85721.49002262
2018-11-19,310.0,322.0,242.0,250.0,286511.98769986
2018-11-20,266.0,266.0,185.0,209.0,364002.91296442
2018-11-21,219.0,237.0,207.0,221.0,126436.41460994
2018-11-22,229.0,238.0,220.0,220.0,34583.96038558
2018-11-23,223.0,243.0,200.0,220.0,394585.06443012
2018-11-24,220.0,226.0,190.0,196.0,130088.07150706
2018-11-25,195.0,195.0,166.0,186.0,154985.02763345
2018-11-26,186.0,200.0,175.0,179.0,390287.40711744
2018-11-27,179.0,194.0,174.0,183.0,245483.83557017
2018-11-28,183.0,218.0,183.0,213.0,891799.738407
2018-11-29,213.0,280.0,202.0,217.0,2332812.13306754
2018-11-30,220.0,228.0,187.0,201.0,818141.71170555
2018-12-01,201.0,291.0,199.0,232.0,11379936.92868947
2018-12-02,232.0,232.0,218.0,223.0,1456500.98969952
2018-12-03,223.0,225.0,189.0,202.0,1131784.62885782
2018-12-04,199.0,213.0,190.0,204.0,720690.61365983
2018-12-05,204.0,204.0,184.0,185.0,536850.30803438
2018-12-06,187.0,188.0,155.0,155.0,1194934.47280088
2018-12-07,155.0,155.0,135.0,149.0,645045.43275367
2018-12-08,148.0,162.0,142.0,150.0,269530.13483132
2018-12-09,149.0,161.0,145.0,155.0,210232.06685014
2018-12-10,155.0,162.0,146.0,150.0,91000.73765901
2018-12-11,150.0,153.0,141.0,149.0,301590.67978063
2018-12-12,148.0,150.0,144.0,147.0,713682.22727891
2018-12-13,147.0,148.0,137.0,137.0,989946.41639092
2018-12-14,137.0,142.0,126.0,130.0,1000376.90884414
2018-12-15,132.0,143.0,128.0,139.0,271580.18392034
2018-12-16,139.0,144.0,135.0,136.0,297098.992379
2018-12-17,137.0,151.0,135.0,143.0,437661.65686437
2018-12-18,146.0,161.0,141.0,152.0,277202.19674647
2018-12-19,152.0,174.0,151.0,160.0,727427.99462143
2018-12-20,159.0,212.0,156.0,202.0,2169638.16594091
2018-12-21,203.0,203.0,173.0,174.0,843240.7670249
2018-12-22,176.0,204.0,171.0,180.0,499648.54403484
2018-12-23,184.0,197.0,178.0,185.0,385705.53191724
2018-12-24,187.0,203.0,185.0,191.0,489227.46458159
2018-12-25,191.0,191.0,163.0,170.0,288471.53847609
2018-12-26,170.0,190.0,168.0,181.0,304770.26890782
2018-12-27,180.0,185.0,161.0,161.0,124845.48353153
2018-12-28,162.0,185.0,158.0,179.0,492366.96841917
2018-12-29,179.0,183.0,172.0,183.0,104644.942832
2018-12-30,174.0,183.0,172.0,180.0,250992.3288849
2018-12-31,179.0,206.0,160.0,172.0,190339.57301353
2019-01-01,173.0,179.0,171.0,177.0,152656.04378389
2019-01-02,177.0,187.0,176.0,185.0,150169.7861969
2019-01-03,186.0,187.0,173.0,176.0,176454.68732033
2019-01-04,176.0,180.0,173.0,176.0,209526.85046247
2019-01-05,177.0,180.0,174.0,177.0,99834.57165881
2019-01-06,177.0,200.0,177.0,190.0,714852.56650904
2019-01-07,193.0,202.0,181.0,181.0,630268.42152233
2019-01-08,186.0,187.0,176.0,182.0,256608.75156685
2019-01-09,182.0,185.0,180.0,182.0,235471.89966519
2019-01-10,182.0,184.0,155.0,155.0,501820.52824697
2019-01-11,157.0,169.0,156.0,159.0,120742.6971633
2019-01-12,159.0,164.0,158.0,161.0,41947.69415493
2019-01-13,162.0,162.0,145.0,145.0,64903.03159748
2019-01-14,145.0,159.0,141.0,152.0,109548.00793539
2019-01-15,153.0,156.0,148.0,150.0,86748.62077911
2019-01-16,150.0,155.0,145.0,152.0,769707.75892587
2019-01-17,152.0,160.0,150.0,159.0,408531.09270766
2019-01-18,159.0,159.0,149.0,154.0,412617.23647831
2019-01-19,154.0,164.0,152.0,161.0,370320.01679403
2019-01-20,161.0,167.0,142.0,151.0,616439.12952041
2019-01-21,153.0,154.0,147.0,151.0,186588.33859486
2019-01-22,153.0,155.0,145.0,151.0,231841.20851789
2019-01-23,151.0,155.0,150.0,152.0,139858.37302671
2019-01-24,153.0,155.0,148.0,155.0,276473.21787077
2019-01-25,155.0,168.0,148.0,150.0,616213.1979113
2019-01-26,150.0,157.0,150.0,151.0,128757.52921263
2019-01-27,151.0,151.0,142.0,147.0,146952.83846742
2019-01-28,148.0,148.0,130.0,132.0,571723.42473418
2019-01-29,132.0,134.0,120.0,131.0,330469.88910384
2019-01-30,131.0,143.0,127.0,132.0,212913.76458789
2019-01-31,134.0,139.0,122.0,125.0,103867.48279705
2019-02-01,129.0,131.0,125.0,129.0,62295.39342967
2019-02-02,129.0,132.0,127.0,130.0,20574.24329698
2019-02-03,132.0,132.0,127.0,127.0,53200.12608216
2019-02-04,127.0,133.0,126.0,126.0,163307.46623982
2019-02-05,131.0,132.0,125.0,127.0,140618.40894652
2019-02-06,127.0,137.0,125.0,129.0,788884.17766136
2019-02-07,131.0,148.0,128.0,133.0,2383494.35316579
2019-02-08,133.0,170.0,131.0,141.0,6788193.06894837
2019-02-09,141.0,144.0,136.0,140.0,748790.56906834
2019-02-10,140.0,241.0,133.0,158.0,28047865.01283343
2019-02-11,158.0,158.0,147.0,150.0,3659567.98478423
2019-02-12,150.0,155.0,141.0,147.0,4073524.73453127
2019-02-13,147.0,150.0,143.0,144.0,1790597.46311539
2019-02-14,144.0,146.0,141.0,144.0,847039.44694629
2019-02-15,145.0,150.0,143.0,145.0,1684513.0876646
2019-02-16,146.0,187.0,143.0,165.0,30496084.50909698
2019-02-17,167.0,180.0,151.0,159.0,7966934.15207507
2019-02-18,158.0,188.0,156.0,168.0,13355300.0224553
2019-02-19,167.0,171.0,152.0,161.0,3556237.60299194
2019-02-20,161.0,171.0,157.0,164.0,2531010.27035386
2019-02-21,164.0,174.0,156.0,160.0,2280720.94084437
2019-02-22,160.0,175.0,158.0,174.0,2882308.81189538
2019-02-23,174.0,174.0,166.0,174.0,1811478.61891617
2019-02-24,173.0,197.0,153.0,156.0,6347196.23721221
2019-02-25,156.0,169.0,154.0,165.0,3044252.25132235
2019-02-26,165.0,181.0,160.0,179.0,8410047.31685427
2019-02-27,179.0,194.0,165.0,174.0,5118082.9114849
2019-02-28,173.0,185.0,168.0,172.0,7965422.21481305
2019-03-01,174.0,264.0,172.0,227.0,26653847.2901835
2019-03-02,227.0,228.0,199.0,205.0,16063348.72746674
2019-03-03,205.0,220.0,190.0,192.0,13150522.48891706
2019-03-04,192.0,194.0,174.0,182.0,5577494.10351149
2019-03-05,182.0,190.0,176.0,186.0,1993536.34117236
2019-03-06,187.0,192.0,184.0,188.0,1619058.62981827
2019-03-07,188.0,208.0,185.0,197.0,6013194.45156176
2019-03-08,197.0,306.0,190.0,294.0,31493361.10571506
2019-03-09,294.0,445.0,288.0,394.0,101234574.42328502
2019-03-10,395.0,453.0,322.0,337.0,55327664.29563427
2019-03-11,337.0,337.0,278.0,289.0,25162887.86076545
2019-03-12,287.0,295.0,255.0,293.0,10895277.03493302
2019-03-13,292.0,308.0,266.0,278.0,5722919.48498064
2019-03-14,278.0,291.0,253.0,264.0,3736945.28423299
2019-03-15,263.0,285.0,260.0,283.0,5746608.76813585
2019-03-16,282.0,283.0,266.0,273.0,2635238.47112361
2019-03-17,272.0,272.0,262.0,270.0,1255841.27215618
2019-03-18,269.0,323.0,265.0,282.0,16597847.7769847
2019-03-19,286.0,309.0,282.0,290.0,7279092.24600542
2019-03-20,289.0,298.0,279.0,292.0,1879694.96345164
2019-03-21,292.0,317.0,274.0,299.0,10130266.19862671
2019-03-22,299.0,313.0,287.0,299.0,4539851.80222402
2019-03-23,299.0,306.0,292.0,295.0,1927030.4524278
2019-03-24,294.0,301.0,284.0,289.0,2087159.96461081
2019-03-25,290.0,294.0,273.0,281.0,2805017.37353192
2019-03-26,281.0,323.0,278.0,292.0,15757327.15430352
2019-03-27,294.0,299.0,289.0,297.0,2407983.4695448
2019-03-28,296.0,303.0,292.0,302.0,2213498.82899371
2019-03-29,302.0,340.0,299.0,321.0,8244958.9056449
2019-03-30,320.0,324.0,296.0,316.0,1865194.889781
2019-03-31,315.0,329.0,303.0,320.0,3194661.20057827
2019-04-01,320.0,327.0,311.0,323.0,1506184.55946496
2019-04-02,323.0,343.0,310.0,329.0,5247056.7949912
2019-04-03,329.0,339.0,313.0,317.0,2769101.22394068
2019-04-04,316.0,340.0,311.0,327.0,2067352.76874076
2019-04-05,328.0,334.0,321.0,325.0,1263585.99508371
2019-04-06,325.0,332.0,321.0,324.0,1209189.28800271
2019-04-07,324.0,332.0,322.0,331.0,801333.34409697
2019-04-08,330.0,338.0,303.0,323.0,1876199.22124583
2019-04-09,323.0,330.0,305.0,318.0,1202328.59127933
2019-04-10,322.0,330.0,316.0,319.0,776048.1567178
2019-04-11,321.0,343.0,290.0,321.0,5043743.24291522
2019-04-12,319.0,329.0,304.0,319.0,1313249.08010309
2019-04-13,318.0,329.0,310.0,313.0,614695.0752603
2019-04-14,313.0,325.0,306.0,322.0,1592317.4478434
2019-04-15,321.0,323.0,302.0,304.0,1286470.28799332
2019-04-16,304.0,310.0,295.0,307.0,824300.86299462
2019-04-17,307.0,315.0,298.0,305.0,1831342.06819217
2019-04-18,305.0,314.0,303.0,310.0,714221.14472693
2019-04-19,309.0,313.0,300.0,310.0,878624.05329309
2019-04-20,310.0,370.0,308.0,347.0,15719198.8687963
2019-04-21,348.0,386.0,321.0,329.0,12519245.31750256
2019-04-22,329.0,340.0,310.0,319.0,5035797.58909584
2019-04-23,319.0,325.0,304.0,308.0,1754887.72660012
2019-04-24,308.0,308.0,270.0,283.0,2388066.47715776
2019-04-25,283.0,301.0,270.0,271.0,1236263.03777507
2019-04-26,273.0,273.0,250.0,261.0,1241154.50358195
2019-04-27,262.0,274.0,256.0,264.0,1038297.69001984
2019-04-28,264.0,290.0,263.0,272.0,1461785.44613554
2019-04-29,271.0,278.0,243.0,249.0,1020410.7762065
2019-04-30,250.0,262.0,248.0,260.0,534344.934338
2019-05-01,260.0,266.0,253.0,257.0,434114.94605761
2019-05-02,258.0,258.0,250.0,257.0,1166466.7475499
2019-05-03,256.0,268.0,248.0,257.0,1947097.8221143
2019-05-04,257.0,265.0,245.0,256.0,1232416.48458081
2019-05-05,257.0,263.0,251.0,258.0,507380.28277132
2019-05-06,259.0,266.0,245.0,263.0,659325.93371257
2019-05-07,263.0,267.0,250.0,250.0,449096.4624914
2019-05-08,250.0,255.0,248.0,249.0,407327.01172646
2019-05-09,251.0,251.0,236.0,236.0,606126.93116937
2019-05-10,236.0,250.0,230.0,245.0,736981.35649292
2019-05-11,247.0,266.0,238.0,257.0,1352406.03866833
2019-05-12,257.0,266.0,241.0,248.0,1122962.26945408
2019-05-13,248.0,260.0,244.0,251.0,830206.69309718
2019-05-14,251.0,361.0,246.0,294.0,19270721.66376247
2019-05-15,292.0,324.0,286.0,323.0,4319607.01595062
2019-05-16,323.0,345.0,300.0,311.0,3245251.52618102
2019-05-17,310.0,315.0,270.0,302.0,1152620.74976155
2019-05-18,301.0,308.0,290.0,293.0,454450.63232764
2019-05-19,294.0,314.0,287.0,306.0,1070521.49785147
2019-05-20,305.0,335.0,290.0,322.0,1313976.03600595
2019-05-21,323.0,338.0,314.0,325.0,1560761.78624097
2019-05-22,328.0,350.0,309.0,322.0,1692464.64681358
2019-05-23,313.0,360.0,302.0,344.0,3370485.0122162
2019-05-24,344.0,435.0,334.0,342.0,12075257.48909464
2019-05-25,342.0,374.0,329.0,340.0,4869106.3981494
2019-05-26,340.0,362.0,325.0,333.0,3787680.22470949
2019-05-27,334.0,342.0,332.0,340.0,1839463.89875202
2019-05-28,340.0,365.0,334.0,343.0,4299035.56572796
2019-05-29,342.0,346.0,326.0,340.0,2222613.56931677
2019-05-30,338.0,350.0,315.0,321.0,2278071.68283399
2019-05-31,320.0,337.0,306.0,327.0,1408998.97432449
2019-06-01,330.0,337.0,319.0,319.0,480243.56390797
2019-06-02,324.0,333.0,320.0,332.0,402878.47206609
2019-06-03,330.0,335.0,310.0,310.0,874349.8443237
2019-06-04,311.0,350.0,294.0,304.0,8507488.3456959
2019-06-05,305.0,314.0,292.0,302.0,1374087.31907727
2019-06-06,302.0,314.0,295.0,310.0,523276.59874161
2019-06-07,311.0,325.0,303.0,318.0,2685739.73348743
2019-06-08,318.0,336.0,315.0,324.0,1944600.97721231
2019-06-09,325.0,339.0,313.0,315.0,2154806.82640461
2019-06-10,316.0,337.0,312.0,329.0,1723748.88954782
2019-06-11,328.0,346.0,321.0,340.0,910710.84973417
2019-06-12,340.0,340.0,328.0,333.0,472067.05105892
2019-06-13,333.0,333.0,318.0,322.0,611229.28523327
2019-06-14,323.0,325.0,308.0,315.0,691242.68391847
2019-06-15,315.0,323.0,310.0,317.0,330260.55135178
2019-06-16,317.0,324.0,310.0,320.0,881752.89947861
2019-06-17,320.0,329.0,318.0,322.0,577395.78162946
2019-06-18,323.0,325.0,310.0,314.0,490116.26254284
2019-06-19,314.0,325.0,311.0,324.0,805752.19353768
2019-06-20,324.0,324.0,308.0,309.0,669597.01211587
2019-06-21,309.0,313.0,294.0,295.0,685787.16023726
2019-06-22,294.0,301.0,286.0,298.0,1080280.47229623
2019-06-23,299.0,327.0,293.0,313.0,1033368.243241
2019-06-24,311.0,333.0,302.0,323.0,1086031.2423836
2019-06-25,322.0,382.0,318.0,321.0,4067611.69941092
2019-06-26,321.0,350.0,317.0,324.0,3367355.03462053
2019-06-27,324.0,348.0,291.0,298.0,1962616.59458993
2019-06-28,297.0,327.0,292.0,324.0,658532.73094376
2019-06-29,321.0,335.0,305.0,326.0,688973.44278422
2019-06-30,326.0,338.0,310.0,311.0,499119.10930066
2019-07-01,311.0,323.0,297.0,309.0,555880.89245629
2019-07-02,309.0,312.0,281.0,296.0,952596.14943491
2019-07-03,296.0,299.0,276.0,292.0,750175.55537752
2019-07-04,292.0,295.0,284.0,285.0,475610.45774467
2019-07-05,285.0,309.0,281.0,287.0,845437.15543793
2019-07-06,288.0,296.0,287.0,290.0,358125.67513162
2019-07-07,293.0,300.0,289.0,296.0,248478.68363
2019-07-08,296.0,299.0,290.0,294.0,312543.50924844
2019-07-09,294.0,302.0,286.0,292.0,314143.37272677
2019-07-10,293.0,296.0,269.0,277.0,489003.40661902
2019-07-11,277.0,277.0,237.0,256.0,527813.74071529
2019-07-12,256.0,272.0,253.0,268.0,207018.90022811
2019-07-13,269.0,269.0,254.0,261.0,170031.64130951
2019-07-14,261.0,262.0,227.0,227.0,232134.19790412
2019-07-15,227.0,241.0,199.0,230.0,674497.39158658
2019-07-16,230.0,234.0,190.0,193.0,513709.54190504
2019-07-17,194.0,204.0,181.0,200.0,500464.55617752
2019-07-18,200.0,216.0,195.0,210.0,430621.8883224
2019-07-19,211.0,223.0,206.0,220.0,1137531.70493621
2019-07-20,220.0,232.0,217.0,228.0,124851.21572099
2019-07-21,226.0,231.0,221.0,224.0,137730.42922217
2019-07-22,225.0,227.0,214.0,221.0,880999.05503079
2019-07-23,222.0,244.0,214.0,215.0,2206567.72443056
2019-07-24,215.0,217.0,202.0,216.0,349173.5930024
2019-07-25,213.0,225.0,213.0,221.0,259320.35569327
2019-07-26,222.0,237.0,215.0,230.0,914948.6347978
2019-07-27,231.0,233.0,213.0,216.0,286006.53865767
2019-07-28,217.0,236.0,213.0,224.0,1308111.29900151
2019-07-29,223.0,266.0,222.0,254.0,1954863.57015491
2019-07-30,254.0,264.0,230.0,238.0,742626.76248568
2019-07-31,236.0,237.0,224.0,229.0,538887.97948968
2019-08-01,228.0,242.0,216.0,220.0,423249.88388774
2019-08-02,220.0,222.0,215.0,222.0,152365.24154241
2019-08-03,222.0,225.0,216.0,219.0,130036.39598771
2019-08-04,219.0,221.0,213.0,219.0,142341.56086255
2019-08-05,220.0,222.0,215.0,221.0,226626.43825889
2019-08-06,221.0,222.0,202.0,207.0,208451.55479413
2019-08-07,207.0,219.0,200.0,205.0,315375.43332417
2019-08-08,206.0,206.0,199.0,204.0,120719.8105767
2019-08-09,203.0,211.0,190.0,192.0,387244.41394845
2019-08-10,193.0,198.0,191.0,195.0,131393.62483349
2019-08-11,195.0,208.0,195.0,207.0,163893.21810424
2019-08-12,203.0,207.0,199.0,200.0,40323.90883581
2019-08-13,200.0,202.0,191.0,194.0,87438.32164202
2019-08-14,194.0,197.0,179.0,179.0,143545.82804511
2019-08-15,183.0,185.0,166.0,182.0,125217.2458829
2019-08-16,182.0,194.0,174.0,183.0,135139.69411198
2019-08-17,183.0,190.0,178.0,183.0,76273.16207781
2019-08-18,184.0,196.0,180.0,191.0,90610.73271335
2019-08-19,192.0,195.0,185.0,191.0,268279.00407784
2019-08-20,190.0,222.0,181.0,218.0,725110.36321519
2019-08-21,218.0,218.0,194.0,210.0,854017.20372718
2019-08-22,210.0,221.0,199.0,215.0,256116.71484501
2019-08-23,215.0,240.0,212.0,228.0,402645.96379693
2019-08-24,228.0,229.0,219.0,222.0,272206.79755869
2019-08-25,222.0,233.0,213.0,228.0,337564.35558689
2019-08-26,228.0,229.0,220.0,222.0,439973.90632079
2019-08-27,223.0,224.0,208.0,223.0,341160.51577575
2019-08-28,223.0,224.0,190.0,197.0,419795.18927964
2019-08-29,197.0,203.0,187.0,189.0,95427.61218073
2019-08-30,191.0,202.0,190.0,195.0,80930.89224198
2019-08-31,197.0,199.0,192.0,196.0,113476.14368569
2019-09-01,196.0,198.0,191.0,191.0,69949.06808306
2019-09-02,191.0,201.0,188.0,194.0,233529.22657964
2019-09-03,195.0,200.0,192.0,192.0,118535.30228916
2019-09-04,194.0,196.0,189.0,189.0,140016.33402386
2019-09-05,189.0,284.0,185.0,215.0,9605682.26724283
2019-09-06,215.0,235.0,199.0,219.0,9953638.06935851
2019-09-07,216.0,231.0,205.0,218.0,8767458.07300534
2019-09-08,220.0,224.0,208.0,218.0,1183876.63157063
2019-09-09,218.0,218.0,204.0,212.0,676651.73189393
2019-09-10,212.0,223.0,209.0,223.0,424611.8588529
2019-09-11,223.0,260.0,220.0,240.0,1912938.45693768
2019-09-12,240.0,270.0,234.0,237.0,1635216.30269281
2019-09-13,237.0,239.0,221.0,232.0,339733.6792762
2019-09-14,232.0,265.0,229.0,262.0,1236289.22435199
2019-09-15,262.0,280.0,251.0,258.0,946517.66709258
2019-09-16,258.0,263.0,240.0,250.0,438682.43823579
2019-09-17,252.0,283.0,251.0,271.0,1149775.58831202
2019-09-18,271.0,288.0,261.0,281.0,448411.17679835
2019-09-19,283.0,286.0,260.0,270.0,244755.97318942
2019-09-20,270.0,282.0,265.0,267.0,273573.66639359
2019-09-21,270.0,271.0,249.0,254.0,163368.36228032
2019-09-22,254.0,254.0,239.0,242.0,196732.89335265
2019-09-23,245.0,260.0,230.0,235.0,278553.91273984
2019-09-24,237.0,245.0,193.0,194.0,589353.61523846
2019-09-25,195.0,217.0,182.0,201.0,580590.18184968
2019-09-26,202.0,214.0,193.0,206.0,450737.0619984
2019-09-27,209.0,232.0,204.0,218.0,364274.23011942
2019-09-28,220.0,227.0,215.0,223.0,147883.84621939
2019-09-29,224.0,235.0,205.0,209.0,503205.88857063
2019-09-30,210.0,234.0,206.0,229.0,1528835.70672567
2019-10-01,229.0,231.0,217.0,222.0,233169.38738122
2019-10-02,222.0,226.0,216.0,224.0,238192.75328459
2019-10-03,225.0,230.0,215.0,220.0,109441.32735303
2019-10-04,223.0,232.0,214.0,229.0,264810.16915719
2019-10-05,229.0,246.0,222.0,239.0,462220.13747046
2019-10-06,239.0,242.0,218.0,220.0,319021.65511864
2019-10-07,220.0,233.0,217.0,229.0,276824.01077841
2019-10-08,230.0,239.0,227.0,237.0,160670.08306303
2019-10-09,238.0,241.0,223.0,233.0,458379.94615843
2019-10-10,233.0,234.0,224.0,233.0,258388.76885516
2019-10-11,233.0,234.0,220.0,221.0,270065.29199607
2019-10-12,223.0,232.0,222.0,230.0,77815.50836331
2019-10-13,230.0,232.0,225.0,228.0,114343.01199614
2019-10-14,228.0,234.0,223.0,232.0,96232.79519546
2019-10-15,233.0,238.0,230.0,231.0,287225.15024208
2019-10-16,231.0,232.0,212.0,217.0,318514.59333628
2019-10-17,218.0,225.0,212.0,225.0,83494.81573722
2019-10-18,224.0,227.0,216.0,219.0,119173.75425393
2019-10-19,220.0,227.0,214.0,215.0,29169.37088972
2019-10-20,224.0,234.0,211.0,214.0,1235507.93157983
2019-10-21,216.0,216.0,206.0,210.0,225774.91405834
2019-10-22,210.0,212.0,198.0,198.0,218412.07133278
2019-10-23,200.0,200.0,176.0,189.0,396007.58131843
2019-10-24,189.0,196.0,186.0,193.0,103807.55611777
2019-10-25,194.0,213.0,192.0,204.0,279482.61903549
2019-10-26,206.0,215.0,197.0,200.0,188414.88245266
2019-10-27,201.0,212.0,199.0,208.0,262100.7360855
2019-10-28,208.0,216.0,205.0,211.0,493647.32494004
2019-10-29,211.0,214.0,207.0,208.0,363476.83361913
2019-10-30,209.0,211.0,198.0,201.0,243868.82859561
2019-10-31,202.0,207.0,199.0,205.0,195402.53281714
2019-11-01,206.0,209.0,203.0,207.0,292835.11836647
2019-11-02,208.0,210.0,205.0,207.0,96735.82338155
2019-11-03,209.0,212.0,202.0,207.0,253190.80656036
2019-11-04,206.0,213.0,204.0,208.0,366865.11469686
2019-11-05,210.0,211.0,206.0,209.0,194447.75963795
2019-11-06,209.0,209.0,203.0,205.0,162842.47169755
2019-11-07,205.0,207.0,200.0,204.0,187863.1924319
2019-11-08,204.0,205.0,191.0,200.0,129028.4198261
2019-11-09,199.0,208.0,198.0,202.0,66557.32377072
2019-11-10,202.0,213.0,202.0,206.0,156068.3855067
2019-11-11,208.0,212.0,205.0,210.0,281462.95535809
2019-11-12,209.0,211.0,201.0,205.0,179998.23972595
2019-11-13,206.0,230.0,206.0,217.0,3835004.34896403
2019-11-14,218.0,218.0,202.0,208.0,1117930.18856807
2019-11-15,210.0,210.0,198.0,201.0,528347.67581503
2019-11-16,202.0,203.0,199.0,202.0,117069.79923458
2019-11-17,204.0,206.0,199.0,204.0,207890.70947832
2019-11-18,204.0,207.0,195.0,196.0,202171.59965952
2019-11-19,196.0,207.0,192.0,199.0,700002.45178253
2019-11-20,199.0,201.0,196.0,197.0,108997.80433149
2019-11-21,198.0,198.0,185.0,188.0,143201.14380447
2019-11-22,188.0,195.0,171.0,179.0,329690.61653477
2019-11-23,180.0,190.0,178.0,185.0,137773.77957629
2019-11-24,186.0,186.0,172.0,172.0,57332.52679673
2019-11-25,172.0,181.0,155.0,167.0,400267.01263362
2019-11-26,169.0,179.0,167.0,175.0,183697.71372141
2019-11-27,176.0,207.0,159.0,205.0,1113701.33330084
2019-11-28,204.0,260.0,204.0,232.0,2310557.05389561
2019-11-29,232.0,270.0,213.0,230.0,2957913.83003007
2019-11-30,230.0,286.0,223.0,238.0,10196632.24330461
2019-12-01,241.0,263.0,224.0,243.0,6072039.71899617
2019-12-02,243.0,244.0,218.0,230.0,476312.16826271
2019-12-03,228.0,249.0,215.0,235.0,672753.09023999
2019-12-04,237.0,245.0,225.0,227.0,819113.90689506
2019-12-05,227.0,272.0,225.0,264.0,3376172.52411296
2019-12-06,264.0,282.0,254.0,274.0,2007422.03263724
2019-12-07,274.0,282.0,251.0,261.0,702163.13161947
2019-12-08,260.0,278.0,253.0,273.0,754810.82588698
2019-12-09,272.0,274.0,253.0,254.0,482320.48168581
2019-12-10,253.0,255.0,230.0,232.0,564155.9840833
2019-12-11,232.0,251.0,232.0,240.0,131267.81449137
2019-12-12,240.0,270.0,226.0,253.0,280929.45722963
2019-12-13,257.0,281.0,252.0,262.0,872674.4227067
2019-12-14,262.0,270.0,228.0,234.0,435525.52450185
2019-12-15,233.0,261.0,226.0,253.0,403560.60429146
2019-12-16,253.0,266.0,245.0,266.0,269455.26631363
2019-12-17,260.0,280.0,227.0,236.0,462125.32202004
2019-12-18,235.0,258.0,231.0,257.0,230972.23803289
2019-12-19,255.0,258.0,232.0,243.0,678746.78682365
2019-12-20,242.0,247.0,234.0,239.0,121497.1640504
2019-12-21,235.0,239.0,231.0,231.0,46965.79904203
2019-12-22,233.0,238.0,227.0,235.0,129678.66448211
2019-12-23,235.0,235.0,219.0,223.0,211814.32538605
2019-12-24,224.0,224.0,213.0,221.0,132159.32824285
2019-12-25,221.0,223.0,215.0,221.0,86902.45918814
2019-12-26,221.0,230.0,210.0,213.0,126159.28056275
2019-12-27,214.0,217.0,207.0,210.0,58688.64407417
2019-12-28,213.0,213.0,209.0,212.0,18107.14897442
2019-12-29,213.0,225.0,207.0,218.0,163431.74957432
2019-12-30,218.0,220.0,211.0,213.0,104534.22231228
2019-12-31,215.0,223.0,213.0,213.0,63906.44354709
2020-01-01,213.0,227.0,209.0,213.0,96815.86590917
2020-01-02,215.0,215.0,208.0,211.0,66118.9784766
2020-01-03,213.0,229.0,208.0,226.0,170159.33878341
2020-01-04,229.0,235.0,223.0,226.0,136115.27504859
2020-01-05,227.0,234.0,227.0,234.0,61560.7017139
2020-01-06,233.0,248.0,232.0,234.0,390710.7464139
2020-01-07,235.0,235.0,223.0,223.0,66544.81172726
2020-01-08,225.0,226.0,211.0,215.0,215074.19217148
2020-01-09,214.0,217.0,213.0,215.0,51608.30472088
2020-01-10,216.0,219.0,216.0,218.0,89718.01617564
2020-01-11,220.0,222.0,217.0,218.0,25709.20700955
2020-01-12,221.0,223.0,218.0,218.0,27848.20206037
2020-01-13,220.0,229.0,217.0,222.0,133110.50062476
2020-01-14,222.0,237.0,221.0,232.0,135265.55986771
2020-01-15,233.0,262.0,228.0,256.0,551168.73448917
2020-01-16,256.0,376.0,252.0,284.0,30346127.80616656
2020-01-17,283.0,293.0,272.0,279.0,3820213.49239732
2020-01-18,276.0,285.0,272.0,283.0,1465306.05633128
2020-01-19,283.0,286.0,260.0,264.0,1440877.83146169
2020-01-20,264.0,279.0,260.0,274.0,560581.2557189
2020-01-21,274.0,288.0,273.0,285.0,1346045.85745834
2020-01-22,285.0,296.0,281.0,292.0,1319214.20782904
2020-01-23,295.0,317.0,272.0,294.0,2609623.34860489
2020-01-24,294.0,297.0,276.0,297.0,563385.89027602
2020-01-25,295.0,297.0,282.0,295.0,307901.57362997
2020-01-26,292.0,301.0,278.0,294.0,353813.01023014
2020-01-27,292.0,308.0,290.0,303.0,1139470.83052124
2020-01-28,303.0,309.0,297.0,307.0,841252.15900143
2020-01-29,306.0,317.0,298.0,306.0,459082.98045126
2020-01-30,308.0,320.0,292.0,309.0,678487.72725418
2020-01-31,310.0,329.0,308.0,319.0,3038775.14217252
2020-02-01,319.0,332.0,313.0,319.0,1269714.07519308
2020-02-02,319.0,335.0,310.0,335.0,1323572.99452715
2020-02-03,335.0,352.0,327.0,349.0,2228443.39012909
2020-02-04,347.0,436.0,344.0,408.0,21383700.85003699
2020-02-05,407.0,426.0,371.0,391.0,7731645.68150768
2020-02-06,391.0,396.0,373.0,392.0,2662543.51726272
2020-02-07,391.0,402.0,386.0,393.0,1225665.32945904
2020-02-08,391.0,410.0,379.0,402.0,2587063.99249795
2020-02-09,404.0,404.0,388.0,397.0,1348199.53429886
2020-02-10,396.0,401.0,368.0,393.0,1014237.01054605
2020-02-11,389.0,397.0,374.0,397.0,694070.76648584
2020-02-12,395.0,422.0,391.0,422.0,2781263.93966239
2020-02-13,422.0,650.0,388.0,505.0,16598560.4066412
2020-02-14,505.0,565.0,488.0,516.0,6115758.65143336
2020-02-15,514.0,620.0,454.0,487.0,5480462.96572138
2020-02-16,488.0,499.0,400.0,461.0,2352662.10262501
2020-02-17,455.0,471.0,413.0,467.0,1290978.19695923
2020-02-18,468.0,566.0,453.0,529.0,9679042.66639557
2020-02-19,528.0,690.0,506.0,616.0,12275255.85667199
2020-02-20,617.0,660.0,560.0,605.0,12832414.66225391
2020-02-21,601.0,660.0,578.0,659.0,7272236.60233757
2020-02-22,659.0,739.0,632.0,663.0,8733512.52185755
2020-02-23,667.0,681.0,636.0,680.0,3608472.27695963
2020-02-24,678.0,740.0,645.0,668.0,6196732.14673247
2020-02-25,668.0,680.0,604.0,633.0,2897385.34209872
2020-02-26,633.0,650.0,523.0,531.0,2264704.26925364
2020-02-27,531.0,690.0,502.0,604.0,7499214.39186574
2020-02-28,603.0,684.0,578.0,618.0,7733572.62834576
2020-02-29,618.0,760.0,610.0,734.0,5053613.05350003
2020-03-01,732.0,1035.0,713.0,915.0,41927308.0403483
2020-03-02,919.0,927.0,803.0,830.0,10332961.39348664
2020-03-03,830.0,861.0,773.0,788.0,3986908.3919508
2020-03-04,791.0,850.0,722.0,818.0,4725383.41154977
2020-03-05,818.0,920.0,780.0,830.0,3633866.79347667
2020-03-06,831.0,942.0,829.0,918.0,4634286.96597617
2020-03-07,914.0,1085.0,909.0,965.0,10009145.14376379
2020-03-08,965.0,1025.0,854.0,857.0,6374083.14485513
2020-03-09,859.0,922.0,771.0,895.0,4052109.108685
2020-03-10,895.0,957.0,846.0,948.0,3290884.60788906
2020-03-11,948.0,1010.0,867.0,957.0,5570309.60528815
2020-03-12,957.0,958.0,521.0,567.0,8098542.35208952
2020-03-13,560.0,760.0,400.0,688.0,6624933.05454482
2020-03-14,693.0,718.0,603.0,620.0,3227814.66835609
2020-03-15,620.0,649.0,594.0,608.0,1427145.23792024
2020-03-16,611.0,614.0,461.0,498.0,2139636.95137322
2020-03-17,499.0,611.0,494.0,589.0,2596812.88610649
2020-03-18,590.0,602.0,528.0,574.0,1824718.72587223
2020-03-19,575.0,677.0,548.0,633.0,3171996.36164836
2020-03-20,633.0,700.0,565.0,612.0,1832515.25944775
2020-03-21,606.0,631.0,565.0,601.0,593071.27970269
2020-03-22,598.0,607.0,530.0,530.0,711230.76440358
2020-03-23,532.0,602.0,516.0,581.0,911641.80239327
2020-03-24,581.0,600.0,555.0,588.0,739714.77768852
2020-03-25,588.0,592.0,532.0,566.0,494212.27426949
2020-03-26,563.0,572.0,546.0,562.0,325243.83666564
2020-03-27,562.0,601.0,552.0,553.0,697089.25258792
2020-03-28,553.0,553.0,516.0,546.0,507761.83459016
2020-03-29,540.0,543.0,515.0,517.0,354954.9069724
2020-03-30,517.0,546.0,513.0,537.0,494794.80502925
2020-03-31,538.0,546.0,525.0,527.0,350531.16633271
2020-04-01,532.0,540.0,516.0,539.0,428444.62274569
2020-04-02,537.0,542.0,522.0,525.0,293464.13410848
2020-04-03,525.0,538.0,519.0,524.0,277854.78939276
2020-04-04,527.0,546.0,518.0,537.0,392382.12507461
2020-04-05,538.0,550.0,520.0,525.0,483265.62395289
2020-04-06,524.0,550.0,523.0,549.0,574243.27010554
2020-04-07,549.0,648.0,547.0,586.0,4319571.92520923
2020-04-08,586.0,625.0,575.0,618.0,2177123.97610202
2020-04-09,618.0,623.0,585.0,611.0,894952.36356718
2020-04-10,615.0,627.0,544.0,574.0,1088045.28076093
2020-04-11,575.0,605.0,572.0,596.0,395798.28348383
2020-04-12,596.0,609.0,579.0,582.0,344625.88945229
2020-04-13,582.0,582.0,560.0,569.0,239922.24559179
2020-04-14,572.0,591.0,565.0,573.0,288884.8771308
2020-04-15,573.0,577.0,562.0,570.0,143360.45669623
2020-04-16,568.0,580.0,550.0,576.0,454440.47443051
2020-04-17,577.0,581.0,572.0,576.0,103629.27314511
2020-04-18,576.0,614.0,572.0,593.0,271169.16575211
2020-04-19,592.0,592.0,574.0,577.0,204704.07968428
2020-04-20,577.0,585.0,558.0,558.0,295213.8296251
2020-04-21,562.0,568.0,552.0,563.0,93926.11062916
2020-04-22,563.0,578.0,562.0,573.0,84856.76493005
2020-04-23,572.0,593.0,569.0,575.0,288100.30813268
2020-04-24,574.0,663.0,573.0,623.0,820746.40400322
2020-04-25,626.0,698.0,616.0,676.0,1238298.12774549
2020-04-26,675.0,920.0,674.0,850.0,9413858.5228283
2020-04-27,850.0,889.0,776.0,817.0,4764786.21646148
2020-04-28,819.0,850.0,785.0,809.0,1135293.05141814
2020-04-29,812.0,830.0,791.0,809.0,1310589.97753143
2020-04-30,809.0,885.0,792.0,839.0,2318599.7394991
2020-05-01,839.0,869.0,833.0,845.0,1214794.02639713
2020-05-02,845.0,874.0,826.0,838.0,504458.5360367
2020-05-03,839.0,869.0,800.0,813.0,472530.61933066
2020-05-04,813.0,841.0,751.0,830.0,565471.04823897
2020-05-05,830.0,836.0,801.0,805.0,338123.02626064
2020-05-06,808.0,817.0,790.0,791.0,417584.71566586
2020-05-07,790.0,790.0,758.0,765.0,553643.36899291
2020-05-08,761.0,834.0,758.0,795.0,1814623.68714022
2020-05-09,795.0,885.0,778.0,815.0,1790902.76419014
2020-05-10,815.0,820.0,708.0,743.0,1529214.25301626
2020-05-11,743.0,750.0,679.0,692.0,951018.74594626
2020-05-12,694.0,818.0,691.0,773.0,1622506.90296969
2020-05-13,774.0,817.0,759.0,775.0,1096036.95228195
2020-05-14,775.0,787.0,759.0,768.0,625987.50658678
2020-05-15,768.0,775.0,746.0,766.0,573241.77657032
2020-05-16,764.0,773.0,749.0,759.0,296042.07299094
2020-05-17,759.0,784.0,755.0,759.0,337144.16805758
2020-05-18,759.0,770.0,751.0,766.0,420343.74646464
2020-05-19,766.0,780.0,755.0,779.0,659303.63318295
2020-05-20,777.0,793.0,755.0,779.0,681001.11324723
2020-05-21,779.0,792.0,725.0,756.0,775292.82097162
2020-05-22,752.0,796.0,731.0,780.0,747842.2248873
2020-05-23,780.0,910.0,780.0,857.0,2307835.21333394
2020-05-24,857.0,883.0,780.0,800.0,1550596.25169426
2020-05-25,798.0,849.0,790.0,827.0,1700299.47948431
2020-05-26,828.0,838.0,790.0,817.0,786452.788447
2020-05-27,818.0,829.0,800.0,808.0,695708.9813596
2020-05-28,809.0,820.0,803.0,819.0,399582.05372305
2020-05-29,819.0,854.0,812.0,852.0,824957.91277246
2020-05-30,851.0,880.0,825.0,840.0,728164.65583039
2020-05-31,840.0,864.0,822.0,833.0,410463.16922278
2020-06-01,833.0,865.0,829.0,858.0,400757.39785051
2020-06-02,862.0,862.0,802.0,836.0,619515.63959535
2020-06-03,836.0,845.0,831.0,839.0,263580.38644869
2020-06-04,842.0,885.0,840.0,858.0,443533.60220831
2020-06-05,858.0,930.0,853.0,926.0,993357.59728985
2020-06-06,925.0,944.0,888.0,916.0,1072278.59866917
2020-06-07,915.0,919.0,856.0,890.0,463587.89268202
2020-06-08,891.0,992.0,882.0,965.0,775503.43518143
2020-06-09,975.0,1130.0,940.0,1130.0,5730032.02263133
2020-06-10,1130.0,1555.0,1090.0,1350.0,11664033.89667778
2020-06-11,1350.0,1510.0,1160.0,1250.0,6302629.10020552
2020-06-12,1260.0,1670.0,1230.0,1540.0,10591724.34151301
2020-06-13,1535.0,1580.0,1400.0,1450.0,3477699.9848604
2020-06-14,1450.0,1510.0,1340.0,1405.0,2933250.7461834
2020-06-15,1410.0,1475.0,1270.0,1405.0,3735682.84977233
2020-06-16,1405.0,1535.0,1360.0,1505.0,2462321.79209851
2020-06-17,1505.0,1505.0,1400.0,1445.0,1324785.62130278
2020-06-18,1445.0,1445.0,1380.0,1390.0,717926.20670448
2020-06-19,1395.0,1480.0,1375.0,1440.0,1486204.10887429
2020-06-20,1440.0,1580.0,1435.0,1550.0,2212313.01776136
2020-06-21,1555.0,1570.0,1470.0,1485.0,805687.60913924
2020-06-22,1485.0,1525.0,1455.0,1490.0,635331.94444239
2020-06-23,1490.0,1495.0,1400.0,1430.0,506296.83224216
2020-06-24,1440.0,1460.0,1380.0,1415.0,582152.68105581
2020-06-25,1415.0,1425.0,1305.0,1395.0,414381.75063435
2020-06-26,1395.0,1440.0,1365.0,1400.0,442188.24368938
2020-06-27,1400.0,1415.0,1225.0,1300.0,338757.21682243
2020-06-28,1300.0,1365.0,1250.0,1325.0,586676.97982854
2020-06-29,1325.0,1445.0,1290.0,1410.0,1063180.46249008
2020-06-30,1410.0,1480.0,1385.0,1435.0,970058.04811237
2020-07-01,1440.0,1615.0,1420.0,1600.0,1408798.11228445
2020-07-02,1605.0,1855.0,1595.0,1825.0,6592397.17584772
2020-07-03,1830.0,2345.0,1805.0,2220.0,16364379.17871444
2020-07-04,2220.0,2245.0,1900.0,1975.0,5984289.72332619
2020-07-05,1975.0,2195.0,1855.0,1920.0,4681447.64260851
2020-07-06,1910.0,2140.0,1865.0,1980.0,4104983.50904013
2020-07-07,1980.0,2040.0,1860.0,1870.0,2140698.48022407
2020-07-08,1880.0,1975.0,1840.0,1870.0,1945606.26689889
2020-07-09,1870.0,2045.0,1860.0,1980.0,2514343.98237296
2020-07-10,1980.0,1995.0,1875.0,1925.0,898073.13842816
2020-07-11,1920.0,1980.0,1890.0,1960.0,768264.78074985
2020-07-12,1955.0,1980.0,1885.0,1910.0,630027.84217621
2020-07-13,1910.0,1985.0,1790.0,1825.0,1414502.67465663
2020-07-14,1825.0,1895.0,1750.0,1895.0,1505824.18956471
2020-07-15,1895.0,1990.0,1865.0,1895.0,1200439.38942441
2020-07-16,1895.0,1950.0,1785.0,1880.0,825869.65614081
2020-07-17,1880.0,1960.0,1855.0,1955.0,491779.85808319
2020-07-18,1955.0,2290.0,1950.0,2175.0,3305200.85473613
2020-07-19,2180.0,2195.0,2005.0,2015.0,1766008.44734227
2020-07-20,2015.0,2130.0,1940.0,1960.0,1251290.22624788
2020-07-21,1955.0,2020.0,1910.0,1960.0,1011275.55531235
2020-07-22,1960.0,2010.0,1925.0,1945.0,536498.26993164
2020-07-23,1945.0,1985.0,1865.0,1895.0,564176.71706441
2020-07-24,1895.0,1930.0,1835.0,1890.0,505308.92718256
2020-07-25,1890.0,1970.0,1820.0,1825.0,1104364.72588141
2020-07-26,1825.0,1900.0,1710.0,1790.0,1654691.21415778
2020-07-27,1785.0,1815.0,1525.0,1615.0,2807886.9929383
2020-07-28,1615.0,1780.0,1595.0,1700.0,1879890.21885675
2020-07-29,1700.0,1765.0,1640.0,1680.0,1213165.95142483
2020-07-30,1680.0,1780.0,1655.0,1710.0,1557266.21689928
2020-07-31,1710.0,1775.0,1695.0,1745.0,735859.82811289
2020-08-01,1745.0,1810.0,1710.0,1750.0,1124462.53504709
2020-08-02,1745.0,1780.0,1550.0,1660.0,1436172.31039102
2020-08-03,1655.0,1705.0,1635.0,1645.0,754098.91847641
2020-08-04,1645.0,1780.0,1635.0,1760.0,920533.90897124
2020-08-05,1765.0,1890.0,1760.0,1795.0,1474845.51053986
2020-08-06,1800.0,1940.0,1765.0,1885.0,795849.40480985
2020-08-07,1895.0,1935.0,1730.0,1815.0,711621.32536415
2020-08-08,1815.0,2045.0,1795.0,1985.0,735791.17153527
2020-08-09,1975.0,2150.0,1915.0,2110.0,1001621.21666305
2020-08-10,2115.0,2135.0,1895.0,2030.0,1084229.50688692
2020-08-11,2020.0,2035.0,1805.0,1925.0,887227.94264757
2020-08-12,1925.0,2045.0,1840.0,1995.0,1073288.15078814
2020-08-13,1990.0,2310.0,1910.0,2045.0,2528166.04328891
2020-08-14,2045.0,2415.0,2000.0,2205.0,3969254.97475693
2020-08-15,2205.0,2340.0,2100.0,2150.0,1282881.95037551
2020-08-16,2150.0,2260.0,2100.0,2200.0,1566461.01096048
2020-08-17,2205.0,2280.0,2040.0,2055.0,1827714.33562593
2020-08-18,2065.0,2115.0,1895.0,1965.0,1550549.3967861
2020-08-19,1965.0,2020.0,1770.0,1885.0,1101827.93971937
2020-08-20,1880.0,2120.0,1835.0,2015.0,1653182.02194138
2020-08-21,2010.0,2255.0,1950.0,1975.0,4074008.38031991
2020-08-22,1975.0,2070.0,1850.0,2040.0,1592563.1774879
2020-08-23,2045.0,2095.0,1950.0,2035.0,722348.38417169
2020-08-24,2035.0,2035.0,1960.0,1990.0,745277.02700359
2020-08-25,1990.0,1995.0,1835.0,1890.0,837028.54963096
2020-08-26,1890.0,1945.0,1845.0,1930.0,594792.21668444
2020-08-27,1930.0,1945.0,1775.0,1835.0,492062.30545651
2020-08-28,1840.0,1920.0,1790.0,1870.0,303253.18280947
2020-08-29,1880.0,1995.0,1855.0,1930.0,435555.39082913
2020-08-30,1955.0,2100.0,1940.0,1995.0,997464.5809238
2020-08-31,1990.0,2160.0,1990.0,2125.0,957451.55529726
2020-09-01,2125.0,2175.0,2015.0,2035.0,874284.34824111
2020-09-02,2035.0,2050.0,1850.0,1970.0,589683.33978777
2020-09-03,1975.0,1990.0,1555.0,1560.0,1263366.52135389
2020-09-04,1560.0,1700.0,1520.0,1620.0,1071469.95314409
2020-09-05,1620.0,1675.0,1305.0,1440.0,992307.59853566
2020-09-06,1435.0,1590.0,1320.0,1560.0,872736.16257143
2020-09-07,1570.0,1610.0,1375.0,1490.0,673511.65856317
2020-09-08,1485.0,1505.0,1365.0,1425.0,731857.96476557
2020-09-09,1410.0,1485.0,1380.0,1460.0,603128.44149229
2020-09-10,1460.0,1520.0,1445.0,1485.0,821213.50122726
2020-09-11,1485.0,1500.0,1415.0,1455.0,876086.47040346
2020-09-12,1455.0,1575.0,1435.0,1575.0,556200.76781867
2020-09-13,1570.0,1585.0,1415.0,1470.0,785402.88461982
2020-09-14,1465.0,1480.0,1410.0,1455.0,418410.54379364
2020-09-15,1455.0,1475.0,1380.0,1400.0,559943.48465173
2020-09-16,1400.0,1405.0,1320.0,1370.0,483047.8585543
2020-09-17,1360.0,1405.0,1310.0,1315.0,348326.46991384
2020-09-18,1320.0,1340.0,1205.0,1240.0,499011.57819954
2020-09-19,1230.0,1255.0,1185.0,1240.0,391492.31473498
2020-09-20,1240.0,1295.0,1165.0,1190.0,505911.44802169
2020-09-21,1185.0,1220.0,1010.0,1070.0,861284.38736786
2020-09-22,1070.0,1145.0,1020.0,1110.0,558869.85728031
2020-09-23,1110.0,1110.0,995.0,1000.0,705761.721181
2020-09-24,1005.0,1100.0,996.0,1095.0,566402.72137967
2020-09-25,1095.0,1200.0,1055.0,1150.0,801883.46394779
2020-09-26,1150.0,1240.0,1135.0,1185.0,1047925.82463635
2020-09-27,1185.0,1215.0,1120.0,1180.0,705954.83595493
2020-09-28,1180.0,1250.0,1150.0,1170.0,787290.09714838
2020-09-29,1160.0,1195.0,1110.0,1150.0,1330204.1928284
2020-09-30,1150.0,1160.0,1115.0,1145.0,535482.32116895
2020-10-01,1145.0,1215.0,1085.0,1110.0,1064652.12034405
2020-10-02,1110.0,1205.0,1020.0,1085.0,1399587.96637392
2020-10-03,1090.0,1125.0,1070.0,1070.0,359969.83855326
2020-10-04,1075.0,1115.0,1055.0,1080.0,319354.5795342
2020-10-05,1080.0,1105.0,1060.0,1075.0,565023.47362882
2020-10-06,1075.0,1085.0,993.0,999.0,1150140.79591237
2020-10-07,1000.0,1070.0,971.0,1070.0,603150.32481431
2020-10-08,1070.0,1100.0,1025.0,1070.0,821381.4742576
2020-10-09,1075.0,1140.0,1040.0,1105.0,848764.03781652
2020-10-10,1100.0,1130.0,1090.0,1100.0,738831.84078552
2020-10-11,1100.0,1110.0,1055.0,1095.0,616773.86570224
2020-10-12,1090.0,1210.0,1080.0,1155.0,1510394.99531174
2020-10-13,1160.0,1195.0,1120.0,1140.0,722780.86340027
2020-10-14,1140.0,1145.0,1075.0,1085.0,401928.45539041
2020-10-15,1090.0,1090.0,1045.0,1070.0,448702.12714938
2020-10-16,1070.0,1085.0,1030.0,1035.0,345570.44922912
2020-10-17,1040.0,1065.0,1020.0,1060.0,199450.46932599
2020-10-18,1060.0,1075.0,1045.0,1070.0,138857.83807876
2020-10-19,1070.0,1075.0,1035.0,1040.0,306725.5202166
2020-10-20,1045.0,1045.0,985.0,990.0,484418.24311341
2020-10-21,993.0,1065.0,992.0,1055.0,658220.7625627
2020-10-22,1055.0,1110.0,1050.0,1065.0,590761.50619191
2020-10-23,1065.0,1070.0,1035.0,1055.0,432668.93717692
2020-10-24,1055.0,1070.0,1030.0,1050.0,243303.76746981
2020-10-25,1050.0,1060.0,1020.0,1020.0,283853.40962085
2020-10-26,1025.0,1055.0,1000.0,1010.0,718577.09277679
2020-10-27,1015.0,1025.0,998.0,1015.0,411173.86337253
2020-10-28,1025.0,1025.0,953.0,976.0,1227267.59808404
2020-10-29,975.0,982.0,921.0,929.0,475814.84503037
2020-10-30,929.0,940.0,876.0,903.0,450901.30493923
2020-10-31,906.0,923.0,894.0,894.0,178881.7740488
2020-11-01,893.0,910.0,880.0,897.0,188576.11078257
2020-11-02,897.0,919.0,865.0,883.0,234486.24414168
2020-11-03,884.0,885.0,830.0,845.0,307802.61885742
2020-11-04,845.0,845.0,788.0,798.0,486606.08375411
2020-11-05,800.0,852.0,773.0,848.0,763638.67807575
2020-11-06,848.0,919.0,841.0,910.0,828662.24592865
2020-11-07,910.0,1000.0,860.0,883.0,1555339.87123698
2020-11-08,876.0,938.0,867.0,917.0,553431.53060367
2020-11-09,917.0,943.0,876.0,902.0,678598.37472225
2020-11-10,906.0,986.0,898.0,981.0,1166953.61627552
2020-11-11,981.0,1085.0,975.0,988.0,2006397.21529948
2020-11-12,990.0,1025.0,935.0,954.0,1059099.83406128
2020-11-13,954.0,1035.0,951.0,1020.0,846364.35873718
2020-11-14,1020.0,1020.0,960.0,991.0,250597.21747994
2020-11-15,991.0,1045.0,965.0,990.0,694674.99783477
2020-11-16,990.0,1060.0,970.0,1040.0,1116557.9893499
2020-11-17,1045.0,1080.0,1015.0,1075.0,1357651.00441584
2020-11-18,1080.0,1090.0,955.0,1025.0,1981797.05298185
2020-11-19,1025.0,1060.0,1000.0,1015.0,1094530.10643208
2020-11-20,1010.0,1065.0,1000.0,1045.0,1363903.43902818
2020-11-21,1045.0,1160.0,1035.0,1145.0,5307504.2416167
2020-11-22,1145.0,1165.0,1045.0,1130.0,1823575.02266807
2020-11-23,1130.0,1235.0,1090.0,1215.0,2359753.03586825
2020-11-24,1215.0,1300.0,1150.0,1260.0,3293885.1955133
2020-11-25,1260.0,1480.0,1225.0,1290.0,5683422.47582661
2020-11-26,1290.0,1335.0,1015.0,1100.0,3402708.30562204
2020-11-27,1105.0,1135.0,1030.0,1075.0,803035.30495665
2020-11-28,1075.0,1150.0,1050.0,1110.0,803144.87078674
2020-11-29,1115.0,1145.0,1085.0,1120.0,620770.56866961
2020-11-30,1125.0,1170.0,1080.0,1145.0,689077.16219854
2020-12-01,1150.0,1200.0,1060.0,1105.0,2040500.28497084
2020-12-02,1105.0,1145.0,1085.0,1125.0,1313545.94102718
2020-12-03,1125.0,1170.0,1095.0,1105.0,1380738.17435352
2020-12-04,1100.0,1180.0,1020.0,1025.0,2644118.87599527
2020-12-05,1030.0,1075.0,1005.0,1060.0,591481.3260419
2020-12-06,1060.0,1075.0,1035.0,1060.0,485692.56738977
2020-12-07,1055.0,1055.0,1030.0,1040.0,648642.9403273
2020-12-08,1040.0,1045.0,965.0,972.0,899348.3112482
2020-12-09,972.0,985.0,908.0,981.0,652815.48498805
2020-12-10,981.0,1000.0,937.0,945.0,321792.26875374
2020-12-11,947.0,968.0,919.0,947.0,508076.14832874
2020-12-12,946.0,999.0,941.0,980.0,808024.0933062
2020-12-13,980.0,1030.0,968.0,1000.0,870168.76134214
2020-12-14,1000.0,1015.0,978.0,989.0,557695.37515563
2020-12-15,989.0,1035.0,987.0,1030.0,513501.76983567
2020-12-16,1030.0,1035.0,985.0,1010.0,947622.07641803
2020-12-17,1010.0,1050.0,992.0,1000.0,1328145.54898208
2020-12-18,1000.0,1035.0,985.0,1030.0,783315.75812793
2020-12-19,1030.0,1085.0,1020.0,1045.0,1501024.43506085
2020-12-20,1045.0,1050.0,1010.0,1015.0,1018182.51774191
2020-12-21,1015.0,1040.0,943.0,975.0,1184251.92013795
2020-12-22,977.0,1005.0,934.0,1005.0,609968.5354501
2020-12-23,1000.0,1010.0,801.0,857.0,1861022.31604832
2020-12-24,856.0,930.0,827.0,914.0,777855.10081487
2020-12-25,914.0,949.0,894.0,913.0,657515.02123728
2020-12-26,912.0,917.0,870.0,886.0,523447.55753514
2020-12-27,888.0,962.0,880.0,908.0,1814926.02681899
2020-12-28,909.0,969.0,900.0,959.0,712815.53200978
2020-12-29,959.0,982.0,899.0,922.0,913919.98505933
2020-12-30,922.0,927.0,882.0,892.0,470198.17139532
2020-12-31,891.0,892.0,866.0,885.0,491712.8541967
2021-01-01,886.0,921.0,864.0,884.0,702560.24901218
2021-01-02,884.0,891.0,865.0,872.0,922070.95426893
2021-01-03,872.0,954.0,862.0,940.0,2704702.74359817
2021-01-04,943.0,1050.0,865.0,936.0,2505313.93855836
2021-01-05,938.0,1040.0,916.0,1030.0,1759688.32611249
2021-01-06,1025.0,1380.0,992.0,1315.0,5582115.32252697
2021-01-07,1315.0,1545.0,1165.0,1230.0,6946661.02722175
2021-01-08,1230.0,1435.0,1100.0,1315.0,5099372.86130706
2021-01-09,1315.0,1490.0,1250.0,1355.0,3174892.32629852
2021-01-10,1355.0,1465.0,1140.0,1290.0,3151685.17075262
2021-01-11,1290.0,1295.0,990.0,1110.0,1720111.49090064
2021-01-12,1110.0,1450.0,1080.0,1135.0,8850688.86989973
2021-01-13,1130.0,1275.0,1110.0,1215.0,3527660.58116331
2021-01-14,1215.0,1225.0,1135.0,1175.0,1854006.82829912
2021-01-15,1175.0,1385.0,1150.0,1375.0,8462752.32179294
2021-01-16,1370.0,1430.0,1280.0,1425.0,5271456.31267216
2021-01-17,1425.0,1435.0,1265.0,1365.0,3748258.4155212
2021-01-18,1365.0,1535.0,1310.0,1455.0,3368414.86800373
2021-01-19,1455.0,1555.0,1390.0,1390.0,4502176.95415824
2021-01-20,1390.0,1510.0,1295.0,1435.0,4448581.49916639
2021-01-21,1435.0,1705.0,1280.0,1555.0,24669039.78639259
2021-01-22,1555.0,1635.0,1280.0,1510.0,10648140.72414219
2021-01-23,1510.0,1615.0,1450.0,1505.0,5222725.52471152
2021-01-24,1505.0,1565.0,1460.0,1525.0,2765261.04586051
2021-01-25,1520.0,1580.0,1465.0,1480.0,2755401.13658172
2021-01-26,1480.0,1520.0,1370.0,1460.0,1650487.33220345
2021-01-27,1460.0,1460.0,1290.0,1335.0,1723169.71767573
2021-01-28,1340.0,1490.0,1305.0,1405.0,1578221.19938884
2021-01-29,1410.0,1445.0,1360.0,1380.0,1610697.75406244
2021-01-30,1380.0,1515.0,1345.0,1480.0,1240624.89069798
2021-01-31,1495.0,1590.0,1405.0,1420.0,2641385.13098112
2021-02-01,1415.0,1545.0,1375.0,1545.0,1910746.64579843
2021-02-02,1545.0,1640.0,1470.0,1515.0,2700882.65627947
2021-02-03,1515.0,1620.0,1495.0,1555.0,1998276.74566855
2021-02-04,1565.0,1800.0,1420.0,1680.0,2754227.15710479
2021-02-05,1685.0,2545.0,1685.0,2115.0,16836856.79795247
2021-02-06,2115.0,2130.0,1820.0,1890.0,4176688.16195528
2021-02-07,1900.0,1980.0,1715.0,1900.0,3026513.79977435
2021-02-08,1900.0,2140.0,1855.0,1940.0,3307838.52403913
2021-02-09,1945.0,2175.0,1900.0,2100.0,1921507.50293366
2021-02-10,2105.0,2655.0,2030.0,2540.0,5970927.40161063
2021-02-11,2540.0,2705.0,2390.0,2535.0,4010278.16175588
2021-02-12,2540.0,2665.0,2410.0,2565.0,3276711.69331449
2021-02-13,2570.0,2720.0,2305.0,2600.0,5311207.62814449
2021-02-14,2600.0,2610.0,2200.0,2320.0,6924754.23322979
2021-02-15,2320.0,2445.0,1915.0,2310.0,4167974.7315614
2021-02-16,2315.0,2375.0,2170.0,2290.0,2566895.06229203
2021-02-17,2290.0,2400.0,2125.0,2335.0,3041630.58679723
2021-02-18,2340.0,2550.0,2285.0,2490.0,2972122.48016321
2021-02-19,2490.0,2580.0,2350.0,2510.0,3356509.26206131
2021-02-20,2535.0,2660.0,2310.0,2395.0,3585091.52482165
2021-02-21,2380.0,2545.0,2300.0,2500.0,3213941.46820876
2021-02-22,2500.0,2500.0,1895.0,2250.0,4612734.20339939
2021-02-23,2250.0,2270.0,1445.0,1795.0,2826543.61760232
2021-02-24,1800.0,1960.0,1645.0,1860.0,2195640.39380107
2021-02-25,1870.0,2180.0,1825.0,1885.0,3591253.25992729
2021-02-26,1885.0,1955.0,1700.0,1915.0,2391548.02558681
2021-02-27,1915.0,2055.0,1855.0,1960.0,2335265.33505914
2021-02-28,1955.0,1965.0,1675.0,1805.0,1718932.28886058
2021-03-01,1805.0,1935.0,1790.0,1925.0,2869560.16791124
2021-03-02,1915.0,2000.0,1845.0,1935.0,2808088.58838278
2021-03-03,1935.0,2295.0,1910.0,2115.0,3906244.57345433
2021-03-04,2105.0,2430.0,2040.0,2345.0,4281199.80613509
2021-03-05,2350.0,2735.0,2190.0,2455.0,8178127.41527026
2021-03-06,2460.0,2520.0,2260.0,2370.0,1964192.66816902
2021-03-07,2370.0,2400.0,2300.0,2370.0,911099.62976038
2021-03-08,2370.0,2480.0,2285.0,2475.0,1651777.75012938
2021-03-09,2480.0,3180.0,2410.0,2505.0,11935397.05013372
2021-03-10,2505.0,2510.0,2300.0,2375.0,2576673.28944909
2021-03-11,2375.0,2700.0,2280.0,2525.0,3888369.98456908
2021-03-12,2520.0,2825.0,2440.0,2570.0,5245629.05377731
2021-03-13,2575.0,3000.0,2425.0,2670.0,6788677.02359854
2021-03-14,2670.0,2680.0,2455.0,2515.0,1974321.28905094
2021-03-15,2505.0,2625.0,2300.0,2380.0,3093345.94956778
2021-03-16,2390.0,2600.0,2260.0,2575.0,2308528.10612598
2021-03-17,2595.0,3330.0,2485.0,3210.0,11338502.80137449
2021-03-18,3215.0,3950.0,3155.0,3240.0,11561993.52014818
2021-03-19,3245.0,3490.0,3115.0,3400.0,2561447.48772773
2021-03-20,3410.0,3700.0,3165.0,3175.0,2475974.40324319
2021-03-21,3200.0,3295.0,3020.0,3205.0,1393344.46301244
2021-03-22,3210.0,3680.0,3065.0,3425.0,5451062.44385227
2021-03-23,3440.0,3980.0,3080.0,3215.0,3950808.57013529
2021-03-24,3215.0,3410.0,2900.0,2930.0,2513483.25407753
2021-03-25,2945.0,2980.0,2670.0,2815.0,1811977.60168502
2021-03-26,2815.0,3060.0,2805.0,2935.0,1438900.98206921
2021-03-27,2930.0,3165.0,2915.0,2950.0,2101477.81577135
2021-03-28,2960.0,3210.0,2915.0,3200.0,1983413.31267266
2021-03-29,3205.0,3340.0,3120.0,3310.0,2661313.21800264
2021-03-30,3300.0,3460.0,3220.0,3385.0,3519654.0155363
2021-03-31,3385.0,3500.0,3150.0,3325.0,3810734.36934765
2021-04-01,3325.0,3670.0,3225.0,3625.0,3817420.36658635
2021-04-02,3630.0,3955.0,3395.0,3820.0,5947057.70517693
2021-04-03,3820.0,5725.0,3710.0,4120.0,34170992.53317638
2021-04-04,4125.0,4510.0,4020.0,4300.0,6934121.311963
2021-04-05,4305.0,4700.0,4060.0,4380.0,6295230.46300606
2021-04-06,4380.0,4980.0,4145.0,4625.0,8569982.48397189
2021-04-07,4625.0,4830.0,3165.0,3985.0,7724873.09456407
2021-04-08,3985.0,4365.0,3795.0,4320.0,3277435.37810945
2021-04-09,4320.0,4570.0,4085.0,4465.0,4709579.66099225
2021-04-10,4465.0,6925.0,4260.0,4955.0,43393815.9412846
2021-04-11,4960.0,5010.0,4445.0,4820.0,6021800.52899777
2021-04-12,4815.0,5180.0,4510.0,4610.0,6595373.27057747
2021-04-13,4600.0,4720.0,4380.0,4560.0,3505757.63075072
2021-04-14,4560.0,4575.0,4075.0,4370.0,4009948.49664873
2021-04-15,4355.0,4545.0,4280.0,4495.0,2741356.51672055
2021-04-16,4495.0,4710.0,4150.0,4705.0,4664988.08067652
2021-04-17,4700.0,4710.0,4300.0,4345.0,2750912.59288088
2021-04-18,4350.0,4400.0,3500.0,4080.0,3694811.92226963
2021-04-19,4065.0,4090.0,3530.0,3605.0,2190634.4567972
2021-04-20,3605.0,4535.0,3060.0,3665.0,21321496.35974954
2021-04-21,3680.0,4650.0,3565.0,3845.0,25150102.05061614
2021-04-22,3845.0,3980.0,2860.0,3015.0,5591929.0297804
2021-04-23,3015.0,3295.0,2375.0,3020.0,8917736.63727965
2021-04-24,3020.0,3040.0,2735.0,2870.0,1608960.93601521
2021-04-25,2880.0,3185.0,2725.0,2940.0,3721491.2669883
2021-04-26,2940.0,3500.0,2880.0,3315.0,4438778.70512576
2021-04-27,3315.0,3925.0,3145.0,3800.0,12342094.24813414
2021-04-28,3795.0,3850.0,3315.0,3640.0,2667389.89583415
2021-04-29,3645.0,3995.0,3455.0,3685.0,7038692.63084302
2021-04-30,3685.0,3935.0,3600.0,3840.0,2792769.97345038
2021-05-01,3850.0,4030.0,3715.0,3965.0,2743515.97232256
2021-05-02,3970.0,3995.0,3685.0,3845.0,2319466.8762979
2021-05-03,3845.0,4350.0,3825.0,4190.0,8138087.42812042
2021-05-04,4180.0,4250.0,3680.0,3740.0,4908529.41411616
2021-05-05,3740.0,3955.0,3685.0,3935.0,3142818.43727875
2021-05-06,3935.0,4345.0,3835.0,4330.0,6824823.52836493
2021-05-07,4315.0,5175.0,4025.0,4205.0,12679310.31643347
2021-05-08,4205.0,4430.0,4095.0,4200.0,3702954.49365401
2021-05-09,4200.0,4265.0,4010.0,4130.0,2397506.40982282
2021-05-10,4135.0,4780.0,3995.0,4150.0,6153650.38963873
2021-05-11,4150.0,4345.0,3800.0,4180.0,4781364.00666936
2021-05-12,4180.0,4450.0,3520.0,3585.0,4568653.64647258
2021-05-13,3585.0,3925.0,3310.0,3750.0,1977517.76486119
2021-05-14,3750.0,3890.0,3620.0,3835.0,950962.77494108
2021-05-15,3845.0,3870.0,3425.0,3485.0,1220364.01630839
2021-05-16,3490.0,3665.0,3150.0,3340.0,1288386.53848426
2021-05-17,3340.0,3350.0,2880.0,3020.0,1449687.27287881
2021-05-18,3025.0,3575.0,2980.0,3410.0,7665863.77867508
2021-05-19,3410.0,3920.0,1805.0,2525.0,9584273.44423035
2021-05-20,2590.0,2810.0,2290.0,2695.0,3570779.90403122
2021-05-21,2690.0,2845.0,2295.0,2530.0,5345669.35230249
2021-05-22,2530.0,2935.0,2020.0,2185.0,5926378.16917838
2021-05-23,2185.0,2410.0,1500.0,1765.0,5380816.32670681
2021-05-24,1775.0,2190.0,1640.0,2095.0,7432413.02373208
2021-05-25,2095.0,2205.0,1870.0,2115.0,2414102.88287703
2021-05-26,2120.0,2465.0,2050.0,2425.0,2596971.69913079
2021-05-27,2425.0,2495.0,2185.0,2270.0,2837702.74385274
2021-05-28,2270.0,2280.0,1915.0,1975.0,1907109.07864136
2021-05-29,1970.0,2215.0,1760.0,1895.0,2946448.90021381
2021-05-30,1895.0,1975.0,1710.0,1905.0,1211938.52754086
2021-05-31,1905.0,2015.0,1785.0,1985.0,1305809.53666481
2021-06-01,1985.0,2470.0,1875.0,2385.0,7549478.88909665
2021-06-02,2405.0,2800.0,2275.0,2445.0,17583458.11840796
