,date,usd_close,usd_open,usd_high,usd_low,usd_value%
0,2017-09-25,1134.8,1132.91,1137.43,1129.43,0.15
1,2017-09-26,1137.62,1134.8,1140.68,1134.66,0.25
2,2017-09-27,1145.76,1137.62,1146.06,1137.12,0.72
3,2017-09-28,1146.58,1145.75,1151.65,1142.8,0.07
4,2017-09-29,1145.3,1146.59,1147.81,1141.77,-0.1
5,2017-10-02,1146.62,1145.13,1148.56,1144.31,0.12
6,2017-10-03,1143.24,1146.61,1149.88,1141.05,-0.2
7,2017-10-04,1142.99,1143.24,1143.91,1138.35,-0.0
8,2017-10-05,1142.41,1142.99,1144.05,1137.34,-0.0
9,2017-10-06,1145.32,1142.41,1145.85,1141.38,0.25
10,2017-10-09,1143.82,1145.51,1146.11,1142.36,-0.1
11,2017-10-10,1135.31,1143.81,1144.01,1131.57,-0.7
12,2017-10-11,1132.91,1135.21,1138.5,1130.89,-0.2
13,2017-10-12,1132.89,1132.91,1137.31,1130.54,-0.0
14,2017-10-13,1126.67,1132.89,1134.6,1124.84,-0.5
15,2017-10-16,1128.28,1127.0,1130.25,1125.8,0.14
16,2017-10-17,1131.21,1128.28,1133.8,1127.86,0.26
17,2017-10-18,1132.88,1131.21,1133.91,1129.28,0.15
18,2017-10-19,1129.01,1132.87,1134.8,1128.37,-0.3
19,2017-10-20,1132.31,1129.01,1134.5,1128.45,0.29
20,2017-10-23,1130.86,1132.19,1135.7,1129.1,-0.1
21,2017-10-24,1130.93,1130.85,1131.73,1127.3,0.01
22,2017-10-25,1127.81,1130.93,1131.5,1122.81,-0.2
23,2017-10-26,1128.75,1127.81,1129.49,1121.92,0.08
24,2017-10-27,1125.97,1128.76,1132.7,1125.19,-0.2
25,2017-10-30,1124.78,1125.98,1127.6,1123.56,-0.1
26,2017-10-31,1118.42,1124.78,1125.15,1116.02,-0.5
27,2017-11-01,1111.52,1118.42,1119.9,1109.35,-0.6
28,2017-11-02,1112.35,1111.51,1115.5,1110.21,0.07
29,2017-11-03,1116.29,1112.35,1117.83,1110.9,0.35
30,2017-11-06,1112.84,1115.9,1119.81,1110.94,-0.3
31,2017-11-07,1113.93,1112.83,1116.45,1110.78,0.1
32,2017-11-08,1114.31,1113.93,1116.6,1112.08,0.03
33,2017-11-09,1118.36,1114.23,1121.23,1112.69,0.36
34,2017-11-10,1120.96,1119.12,1121.63,1115.89,0.23
35,2017-11-13,1119.89,1119.6,1122.8,1118.81,-0.1
36,2017-11-14,1115.52,1119.89,1121.51,1114.03,-0.3
37,2017-11-15,1105.69,1115.52,1117.51,1102.16,-0.8
38,2017-11-16,1097.18,1105.69,1108.2,1094.17,-0.7
39,2017-11-17,1094.32,1097.18,1100.41,1093.45,-0.2
40,2017-11-20,1097.04,1094.33,1102.31,1093.57,0.25
41,2017-11-21,1091.13,1097.04,1100.81,1087.95,-0.5
42,2017-11-22,1086.06,1091.13,1094.8,1085.16,-0.4
43,2017-11-23,1083.99,1086.07,1091.51,1083.45,-0.1
44,2017-11-24,1085.62,1083.99,1087.9,1083.46,0.15
45,2017-11-27,1091.69,1085.62,1092.26,1084.56,0.56
46,2017-11-28,1083.95,1091.69,1091.8,1078.66,-0.7
47,2017-11-29,1082.1,1083.95,1085.9,1074.71,-0.1
48,2017-11-30,1088.13,1082.1,1091.11,1080.7,0.56
49,2017-12-01,1083.47,1088.13,1089.7,1082.21,-0.4
50,2017-12-04,1086.3,1083.44,1090.9,1083.32,0.26
51,2017-12-05,1087.62,1086.29,1089.0,1082.23,0.12
52,2017-12-06,1093.99,1087.6,1097.28,1086.1,0.59
53,2017-12-07,1093.6,1093.99,1097.0,1090.63,-0.0
54,2017-12-08,1092.85,1093.6,1096.9,1091.07,-0.0
55,2017-12-11,1088.84,1092.85,1094.6,1086.14,-0.3
56,2017-12-12,1092.89,1088.84,1093.99,1087.8,0.37
57,2017-12-13,1084.56,1092.89,1095.31,1083.76,-0.7
58,2017-12-14,1089.22,1084.55,1091.13,1084.32,0.43
59,2017-12-15,1088.95,1089.22,1092.11,1086.59,-0.0
60,2017-12-18,1086.05,1088.96,1092.2,1084.55,-0.2
61,2017-12-19,1085.67,1086.07,1089.51,1082.41,-0.0
62,2017-12-20,1080.56,1085.67,1087.2,1078.42,-0.4
63,2017-12-21,1080.54,1080.56,1083.6,1078.33,-0.0
64,2017-12-22,1077.74,1080.54,1081.9,1076.15,-0.2
65,2017-12-25,1076.56,1077.72,1080.39,1073.76,-0.1
66,2017-12-26,1076.12,1076.56,1079.3,1074.34,-0.0
67,2017-12-27,1075.22,1076.12,1076.9,1072.98,-0.0
68,2017-12-28,1070.26,1075.22,1076.9,1068.15,-0.4
69,2017-12-29,1067.38,1070.26,1071.1,1063.94,-0.2
70,2018-01-01,1066.6,1067.38,1067.8,1065.61,-0.0
71,2018-01-02,1063.21,1066.6,1068.51,1059.97,-0.3
72,2018-01-03,1064.8,1062.88,1068.16,1062.48,0.15
73,2018-01-04,1062.28,1065.13,1069.31,1061.53,-0.2
74,2018-01-05,1062.09,1061.83,1064.06,1060.2,-0.0
75,2018-01-08,1068.86,1062.21,1070.7,1059.44,0.64
76,2018-01-09,1071.97,1068.87,1073.95,1065.62,0.29
77,2018-01-10,1070.14,1071.97,1073.7,1066.15,-0.1
78,2018-01-11,1065.58,1070.14,1074.2,1063.12,-0.4
79,2018-01-12,1059.99,1065.58,1067.39,1059.78,-0.5
80,2018-01-15,1063.43,1056.65,1065.5,1055.67,0.32
81,2018-01-16,1064.65,1063.43,1067.71,1062.12,0.11
82,2018-01-17,1067.36,1064.65,1070.93,1062.87,0.25
83,2018-01-18,1070.69,1067.36,1072.5,1066.97,0.31
84,2018-01-19,1067.66,1070.18,1071.26,1063.97,-0.2
85,2018-01-22,1069.4,1067.66,1071.81,1066.52,0.16
86,2018-01-23,1073.89,1069.4,1078.2,1066.9,0.42
87,2018-01-24,1064.98,1073.89,1074.0,1062.21,-0.8
88,2018-01-25,1066.06,1064.57,1067.2,1055.97,0.1
89,2018-01-26,1064.67,1066.47,1067.6,1061.0,-0.1
90,2018-01-29,1070.95,1064.5,1073.01,1062.5,0.59
91,2018-01-30,1073.23,1070.95,1075.63,1068.54,0.21
92,2018-01-31,1070.08,1073.23,1074.8,1064.99,-0.2
93,2018-02-01,1070.94,1070.12,1074.9,1068.72,0.08
94,2018-02-02,1089.95,1071.1,1090.58,1070.42,1.78
95,2018-02-05,1094.84,1089.65,1095.04,1085.45,0.45
96,2018-02-06,1080.06,1095.13,1099.4,1078.72,-1.3
97,2018-02-07,1090.24,1080.06,1090.57,1079.52,0.94
98,2018-02-08,1097.58,1090.24,1098.93,1085.58,0.67
99,2018-02-09,1085.67,1097.58,1098.4,1084.9,-1.0
100,2018-02-12,1082.6,1084.61,1087.07,1081.9,-0.2
101,2018-02-13,1085.05,1082.61,1087.57,1080.65,0.23
102,2018-02-14,1070.91,1085.06,1086.34,1070.57,-1.3
103,2018-02-15,1064.14,1070.91,1073.29,1063.05,-0.6
104,2018-02-16,1067.19,1064.04,1069.39,1061.86,0.29
105,2018-02-19,1067.41,1066.61,1070.61,1065.76,0.02
106,2018-02-20,1074.91,1067.41,1075.95,1067.33,0.7
107,2018-02-21,1076.02,1074.91,1078.11,1070.93,0.1
108,2018-02-22,1080.72,1076.01,1086.4,1075.75,0.44
109,2018-02-23,1077.0,1080.72,1082.4,1075.52,-0.3
110,2018-02-26,1070.67,1076.99,1078.11,1069.33,-0.5
111,2018-02-27,1081.45,1070.67,1081.91,1068.8,1.01
112,2018-02-28,1085.21,1081.45,1085.38,1079.43,0.35
113,2018-03-01,1082.84,1085.21,1088.58,1080.98,-0.2
114,2018-03-02,1079.69,1082.84,1085.84,1077.04,-0.2
115,2018-03-05,1077.67,1079.59,1083.49,1076.81,-0.1
116,2018-03-06,1063.96,1077.67,1078.98,1060.47,-1.2
117,2018-03-07,1067.43,1063.96,1071.49,1063.8,0.33
118,2018-03-08,1074.11,1067.43,1076.05,1066.8,0.63
119,2018-03-09,1065.38,1074.11,1074.57,1065.08,-0.8
120,2018-03-12,1065.02,1065.19,1068.05,1063.39,-0.0
121,2018-03-13,1066.88,1065.03,1068.9,1062.1,0.17
122,2018-03-14,1064.55,1066.87,1069.6,1061.61,-0.2
123,2018-03-15,1069.78,1064.56,1070.46,1062.95,0.49
124,2018-03-16,1070.53,1069.77,1072.6,1065.4,0.07
125,2018-03-19,1073.49,1070.54,1074.81,1069.66,0.28
126,2018-03-20,1071.91,1073.49,1074.2,1068.37,-0.1
127,2018-03-21,1064.76,1071.52,1073.56,1064.02,-0.6
128,2018-03-22,1081.21,1065.15,1081.79,1064.71,1.54
129,2018-03-23,1083.87,1081.21,1086.53,1076.39,0.25
130,2018-03-26,1075.69,1084.3,1084.55,1075.19,-0.7
131,2018-03-27,1075.13,1075.59,1076.81,1067.97,-0.0
132,2018-03-28,1064.56,1075.13,1075.61,1063.18,-0.9
133,2018-03-29,1063.08,1064.56,1068.81,1061.09,-0.1
134,2018-03-30,1061.26,1063.08,1066.7,1060.8,-0.1
135,2018-04-02,1057.16,1060.56,1063.06,1053.0,-0.3
136,2018-04-03,1054.94,1057.16,1060.1,1054.1,-0.2
137,2018-04-04,1058.28,1054.94,1066.45,1054.63,0.32
138,2018-04-05,1062.63,1058.28,1064.2,1057.41,0.41
139,2018-04-06,1070.76,1062.63,1072.78,1062.35,0.77
140,2018-04-09,1069.71,1070.81,1072.06,1065.23,-0.1
141,2018-04-10,1064.82,1069.71,1072.81,1063.9,-0.4
142,2018-04-11,1066.82,1064.81,1070.25,1064.3,0.19
143,2018-04-12,1071.04,1066.8,1074.01,1065.51,0.4
144,2018-04-13,1071.68,1071.03,1072.99,1068.24,0.06
145,2018-04-16,1070.68,1071.68,1076.0,1070.15,-0.0
146,2018-04-17,1067.12,1070.68,1071.31,1066.39,-0.3
147,2018-04-18,1065.12,1067.11,1069.8,1063.83,-0.1
148,2018-04-19,1067.21,1065.12,1068.54,1059.73,0.2
149,2018-04-20,1071.1,1067.21,1073.79,1065.94,0.36
150,2018-04-23,1081.2,1071.2,1082.19,1067.63,0.94
151,2018-04-24,1077.28,1081.23,1081.62,1074.9,-0.3
152,2018-04-25,1082.21,1077.28,1085.31,1075.41,0.46
153,2018-04-26,1077.69,1082.34,1082.92,1076.46,-0.4
154,2018-04-27,1067.86,1077.69,1079.72,1067.21,-0.9
155,2018-04-30,1070.45,1067.52,1071.71,1066.01,0.24
156,2018-05-01,1073.48,1070.33,1075.19,1069.38,0.28
157,2018-05-02,1079.85,1073.48,1080.11,1072.79,0.59
158,2018-05-03,1075.56,1079.85,1080.36,1073.09,-0.4
159,2018-05-04,1074.11,1075.56,1079.5,1073.45,-0.1
160,2018-05-07,1080.03,1074.44,1082.76,1073.12,0.55
161,2018-05-08,1078.56,1080.04,1081.54,1075.88,-0.1
162,2018-05-09,1079.38,1078.43,1083.73,1076.37,0.08
163,2018-05-10,1065.8,1079.48,1081.51,1064.43,-1.2
164,2018-05-11,1067.98,1065.79,1071.3,1064.79,0.2
165,2018-05-14,1070.94,1067.78,1071.26,1064.77,0.28
166,2018-05-15,1080.82,1070.95,1082.49,1069.36,0.92
167,2018-05-16,1077.74,1081.01,1084.5,1076.59,-0.2
168,2018-05-17,1082.59,1077.52,1083.78,1076.27,0.45
169,2018-05-18,1081.37,1082.61,1086.3,1076.55,-0.1
170,2018-05-21,1077.69,1081.43,1087.82,1077.54,-0.3
171,2018-05-22,1076.54,1077.55,1079.77,1073.41,-0.1
172,2018-05-23,1077.25,1076.54,1083.95,1074.87,0.07
173,2018-05-24,1081.69,1077.25,1086.05,1075.33,0.41
174,2018-05-25,1078.38,1081.69,1083.2,1075.31,-0.3
175,2018-05-28,1075.24,1078.18,1078.18,1071.39,-0.2
176,2018-05-29,1084.37,1075.41,1086.29,1073.89,0.85
177,2018-05-30,1077.1,1084.67,1085.64,1076.95,-0.6
178,2018-05-31,1080.59,1076.79,1083.0,1074.34,0.32
179,2018-06-01,1071.88,1080.74,1081.46,1071.31,-0.8
180,2018-06-04,1070.48,1072.26,1073.36,1068.23,-0.1
181,2018-06-05,1071.95,1070.33,1073.47,1067.4,0.14
182,2018-06-06,1066.88,1071.79,1072.29,1065.85,-0.4
183,2018-06-07,1072.19,1066.63,1074.2,1065.54,0.5
184,2018-06-08,1074.93,1072.61,1078.85,1070.74,0.26
185,2018-06-11,1076.88,1075.0,1077.74,1072.12,0.18
186,2018-06-12,1081.84,1076.88,1082.47,1072.9,0.46
187,2018-06-13,1086.03,1081.68,1088.81,1079.7,0.39
188,2018-06-14,1089.15,1086.17,1090.03,1081.42,0.29
189,2018-06-15,1103.42,1089.15,1104.7,1087.62,1.31
190,2018-06-18,1103.51,1102.79,1107.41,1100.8,0.01
191,2018-06-19,1111.89,1103.51,1117.45,1102.8,0.76
192,2018-06-20,1109.98,1111.89,1113.56,1104.47,-0.1
193,2018-06-21,1110.55,1109.98,1114.98,1105.58,0.05
194,2018-06-22,1112.0,1110.55,1115.8,1106.35,0.13
195,2018-06-25,1115.47,1111.9,1119.22,1110.39,0.31
196,2018-06-26,1118.52,1115.47,1121.02,1113.46,0.27
197,2018-06-27,1123.57,1118.66,1126.33,1115.96,0.45
198,2018-06-28,1121.35,1123.24,1125.82,1119.42,-0.2
199,2018-06-29,1115.04,1121.63,1122.42,1111.06,-0.5
200,2018-07-02,1118.88,1115.01,1122.45,1113.9,0.34
201,2018-07-03,1114.99,1118.88,1125.4,1112.58,-0.3
202,2018-07-04,1116.4,1115.14,1119.06,1112.84,0.13
203,2018-07-05,1119.33,1116.25,1122.13,1114.9,0.26
204,2018-07-06,1115.52,1119.15,1122.22,1114.24,-0.3
205,2018-07-09,1113.32,1115.44,1116.8,1109.83,-0.2
206,2018-07-10,1114.22,1113.12,1118.48,1109.39,0.08
207,2018-07-11,1128.23,1114.43,1130.29,1113.17,1.26
208,2018-07-12,1124.58,1128.23,1131.1,1122.3,-0.3
209,2018-07-13,1130.14,1124.72,1135.12,1122.42,0.49
210,2018-07-16,1128.46,1129.82,1131.12,1125.26,-0.1
211,2018-07-17,1127.0,1128.64,1129.2,1122.65,-0.1
212,2018-07-18,1131.16,1127.0,1134.9,1125.99,0.37
213,2018-07-19,1135.55,1131.32,1141.56,1128.95,0.39
214,2018-07-20,1127.9,1135.39,1139.7,1127.48,-0.6
215,2018-07-23,1134.19,1128.12,1138.26,1126.48,0.56
216,2018-07-24,1127.41,1134.09,1138.3,1126.03,-0.6
217,2018-07-25,1117.79,1127.55,1131.13,1117.46,-0.8
218,2018-07-26,1124.38,1117.65,1124.77,1116.47,0.59
219,2018-07-27,1115.89,1124.62,1125.94,1114.87,-0.7
220,2018-07-30,1117.81,1114.97,1120.83,1113.28,0.17
221,2018-07-31,1113.25,1118.73,1121.6,1110.6,-0.4
222,2018-08-01,1119.49,1113.25,1123.29,1112.6,0.56
223,2018-08-02,1128.21,1119.49,1131.98,1118.82,0.78
224,2018-08-03,1123.34,1128.21,1131.42,1121.35,-0.4
225,2018-08-06,1126.7,1123.2,1128.5,1122.25,0.3
226,2018-08-07,1117.94,1126.7,1128.55,1117.1,-0.7
227,2018-08-08,1117.26,1117.12,1121.6,1116.08,-0.0
228,2018-08-09,1123.7,1118.17,1124.68,1116.8,0.58
229,2018-08-10,1130.17,1123.4,1133.0,1122.6,0.58
230,2018-08-13,1137.0,1130.0,1138.93,1129.4,0.6
231,2018-08-14,1128.21,1137.0,1137.6,1127.4,-0.7
232,2018-08-15,1133.97,1128.21,1139.07,1127.1,0.51
233,2018-08-16,1127.25,1133.97,1137.55,1123.9,-0.5
234,2018-08-17,1119.69,1127.35,1128.32,1117.58,-0.6
235,2018-08-20,1118.17,1119.4,1124.72,1117.6,-0.1
236,2018-08-21,1116.61,1117.35,1120.33,1114.38,-0.1
237,2018-08-22,1117.76,1117.28,1121.55,1116.1,0.1
238,2018-08-23,1124.62,1117.76,1125.43,1117.3,0.61
239,2018-08-24,1114.51,1123.8,1126.74,1112.17,-0.9
240,2018-08-27,1109.05,1114.75,1117.19,1107.65,-0.4
241,2018-08-28,1108.3,1108.8,1112.84,1104.5,-0.0
242,2018-08-29,1110.64,1108.3,1115.33,1106.9,0.21
243,2018-08-30,1114.79,1111.18,1116.19,1107.53,0.37
244,2018-08-31,1115.63,1113.96,1118.45,1111.58,0.08
245,2018-09-03,1112.1,1115.65,1118.74,1109.56,-0.3
246,2018-09-04,1118.36,1112.1,1122.49,1111.9,0.56
247,2018-09-05,1119.84,1118.36,1126.64,1114.28,0.13
248,2018-09-06,1122.06,1119.02,1124.96,1116.59,0.2
249,2018-09-07,1128.57,1122.75,1129.18,1121.3,0.58
250,2018-09-10,1129.9,1128.6,1132.14,1126.7,0.12
251,2018-09-11,1123.99,1129.6,1131.6,1123.7,-0.5
252,2018-09-12,1120.25,1123.99,1130.65,1117.1,-0.3
253,2018-09-13,1120.01,1119.42,1126.59,1116.97,-0.0
254,2018-09-14,1121.66,1120.83,1123.08,1116.4,0.15
255,2018-09-17,1126.33,1122.0,1130.31,1121.1,0.42
256,2018-09-18,1122.82,1126.33,1131.1,1122.2,-0.3
257,2018-09-19,1118.95,1122.82,1126.1,1118.6,-0.3
258,2018-09-20,1117.13,1118.95,1123.7,1117.0,-0.1
259,2018-09-21,1114.95,1117.13,1119.9,1113.1,-0.2
260,2018-09-24,1120.12,1115.3,1121.97,1114.6,0.46
261,2018-09-25,1117.88,1120.12,1121.01,1117.3,-0.2
262,2018-09-26,1115.55,1117.06,1118.36,1111.46,-0.2
263,2018-09-27,1114.15,1115.51,1116.64,1109.13,-0.1
264,2018-09-28,1110.15,1113.99,1114.67,1106.82,-0.3
265,2018-10-01,1113.76,1110.0,1114.63,1109.1,0.33
266,2018-10-02,1118.51,1112.93,1121.86,1111.88,0.43
267,2018-10-03,1125.5,1119.43,1126.48,1117.36,0.62
268,2018-10-04,1133.53,1125.5,1134.57,1125.0,0.71
269,2018-10-05,1132.13,1133.53,1134.3,1127.8,-0.1
270,2018-10-08,1134.63,1131.84,1139.78,1129.8,0.22
271,2018-10-09,1132.12,1134.63,1139.18,1131.59,-0.2
272,2018-10-10,1143.3,1132.12,1144.56,1130.14,0.99
273,2018-10-11,1135.55,1143.3,1147.26,1133.8,-0.6
274,2018-10-12,1131.3,1135.55,1138.0,1129.9,-0.3
275,2018-10-15,1131.87,1131.5,1135.7,1127.1,0.05
276,2018-10-16,1123.24,1131.05,1135.47,1121.38,-0.7
277,2018-10-17,1128.53,1123.79,1129.47,1122.7,0.47
278,2018-10-18,1138.6,1128.53,1140.16,1127.7,0.89
279,2018-10-19,1132.15,1138.6,1140.89,1129.2,-0.5
280,2018-10-22,1133.25,1131.7,1136.63,1127.8,0.1
281,2018-10-23,1135.78,1133.25,1140.48,1131.8,0.22
282,2018-10-24,1139.86,1135.78,1140.63,1129.4,0.36
283,2018-10-25,1137.38,1139.86,1141.65,1134.4,-0.2
284,2018-10-26,1140.28,1137.38,1145.7,1135.63,0.25
285,2018-10-29,1143.74,1141.1,1145.08,1136.8,0.3
286,2018-10-30,1139.69,1143.74,1145.1,1137.1,-0.3
287,2018-10-31,1142.02,1139.69,1143.56,1137.8,0.2
288,2018-11-01,1124.31,1141.18,1142.07,1122.04,-1.5
289,2018-11-02,1118.1,1125.26,1130.2,1111.2,-0.5
290,2018-11-05,1120.56,1118.33,1126.12,1116.6,0.22
291,2018-11-06,1121.93,1120.56,1126.53,1119.3,0.12
292,2018-11-07,1116.43,1121.93,1126.2,1116.0,-0.4
293,2018-11-08,1121.68,1116.43,1122.86,1114.44,0.47
294,2018-11-09,1130.69,1121.68,1132.7,1120.4,0.8
295,2018-11-12,1139.35,1130.6,1141.0,1129.8,0.77
296,2018-11-13,1131.49,1138.5,1140.82,1129.7,-0.6
297,2018-11-14,1132.7,1132.34,1137.93,1129.38,0.11
298,2018-11-15,1127.93,1132.7,1134.72,1125.02,-0.4
299,2018-11-16,1121.4,1127.93,1133.41,1119.5,-0.5
300,2018-11-19,1125.68,1121.24,1131.46,1121.06,0.38
301,2018-11-20,1130.25,1126.13,1131.34,1125.83,0.41
302,2018-11-21,1128.12,1130.25,1134.71,1127.1,-0.1
303,2018-11-22,1132.1,1128.42,1132.6,1128.0,0.35
304,2018-11-23,1133.5,1130.0,1134.44,1128.8,0.12
305,2018-11-26,1129.79,1133.5,1134.5,1126.6,-0.3
306,2018-11-27,1130.51,1129.79,1131.83,1127.5,0.06
307,2018-11-28,1123.48,1130.51,1132.72,1122.3,-0.6
308,2018-11-29,1117.55,1123.48,1125.09,1116.6,-0.5
309,2018-11-30,1120.44,1117.55,1124.07,1117.2,0.26
310,2018-12-03,1109.54,1120.56,1120.62,1108.65,-0.9
311,2018-12-04,1111.51,1109.54,1114.4,1104.7,0.18
312,2018-12-05,1114.16,1111.51,1117.0,1110.8,0.24
313,2018-12-06,1118.7,1114.16,1123.9,1112.3,0.41
314,2018-12-07,1124.85,1118.7,1126.5,1116.6,0.55
315,2018-12-10,1128.37,1124.89,1131.27,1122.65,0.31
316,2018-12-11,1129.53,1128.54,1132.6,1126.5,0.1
317,2018-12-12,1124.82,1129.53,1130.6,1123.4,-0.4
318,2018-12-13,1125.55,1124.82,1127.52,1121.39,0.06
319,2018-12-14,1132.7,1125.55,1135.89,1124.6,0.64
320,2018-12-17,1129.55,1132.73,1134.15,1128.75,-0.2
321,2018-12-18,1127.53,1129.2,1132.9,1126.4,-0.1
322,2018-12-19,1129.71,1127.53,1130.05,1121.16,0.19
323,2018-12-20,1122.78,1129.71,1131.95,1120.8,-0.6
324,2018-12-21,1129.04,1122.76,1129.88,1119.89,0.56
325,2018-12-24,1124.87,1129.0,1129.71,1123.9,-0.3
326,2018-12-25,1125.4,1125.17,1126.82,1123.2,0.05
327,2018-12-26,1123.66,1123.36,1127.81,1122.38,-0.1
328,2018-12-27,1120.08,1124.66,1124.66,1118.9,-0.3
329,2018-12-28,1117.05,1120.08,1122.42,1113.8,-0.2
330,2018-12-31,1114.3,1117.05,1117.7,1110.8,-0.2
331,2019-01-01,1112.83,1114.3,1114.95,1112.69,-0.1
332,2019-01-02,1120.12,1113.7,1122.91,1113.7,0.66
333,2019-01-03,1125.89,1120.12,1131.05,1119.2,0.52
334,2019-01-04,1116.85,1125.89,1128.92,1115.7,-0.8
335,2019-01-07,1117.66,1116.1,1121.44,1114.9,0.07
336,2019-01-08,1122.83,1117.66,1126.9,1116.8,0.46
337,2019-01-09,1118.18,1122.83,1125.58,1117.1,-0.4
338,2019-01-10,1117.79,1118.18,1123.07,1116.3,-0.0
339,2019-01-11,1118.23,1117.79,1120.72,1113.3,0.04
340,2019-01-14,1121.8,1118.53,1124.92,1118.3,0.32
341,2019-01-15,1122.85,1122.15,1125.29,1118.82,0.09
342,2019-01-16,1120.78,1122.5,1125.22,1118.78,-0.1
343,2019-01-17,1122.7,1120.78,1125.35,1119.81,0.17
344,2019-01-18,1126.08,1122.7,1126.64,1120.8,0.3
345,2019-01-21,1134.4,1126.36,1134.7,1124.2,0.74
346,2019-01-22,1131.77,1133.8,1134.28,1128.9,-0.2
347,2019-01-23,1126.46,1131.77,1132.77,1125.8,-0.4
348,2019-01-24,1128.75,1126.46,1131.37,1125.8,0.2
349,2019-01-25,1118.78,1128.75,1129.82,1117.3,-0.8
350,2019-01-28,1118.87,1118.51,1120.73,1115.4,0.01
351,2019-01-29,1118.01,1118.87,1122.5,1116.3,-0.0
352,2019-01-30,1111.04,1118.01,1119.74,1109.4,-0.6
353,2019-01-31,1112.4,1111.04,1114.67,1109.5,0.12
354,2019-02-01,1119.4,1112.4,1120.31,1111.6,0.63
355,2019-02-04,1119.86,1119.0,1123.39,1118.4,0.04
356,2019-02-05,1117.27,1119.86,1122.41,1116.8,-0.2
357,2019-02-06,1121.8,1117.57,1122.39,1117.2,0.41
358,2019-02-07,1124.81,1121.8,1127.25,1120.4,0.27
359,2019-02-08,1124.5,1124.81,1127.92,1121.3,-0.0
360,2019-02-11,1125.99,1124.05,1127.78,1122.76,0.13
361,2019-02-12,1121.29,1125.99,1128.17,1120.8,-0.4
362,2019-02-13,1125.59,1121.29,1126.2,1119.9,0.38
363,2019-02-14,1126.4,1125.59,1129.58,1123.8,0.07
364,2019-02-15,1126.44,1126.4,1130.87,1125.7,0.0
365,2019-02-18,1126.4,1126.44,1127.73,1123.3,-0.0
366,2019-02-19,1122.92,1126.1,1129.52,1122.5,-0.3
367,2019-02-20,1123.22,1122.92,1125.24,1120.8,0.03
368,2019-02-21,1125.63,1123.22,1127.45,1122.0,0.21
369,2019-02-22,1122.99,1125.63,1127.7,1121.2,-0.2
370,2019-02-25,1116.06,1123.31,1124.31,1115.5,-0.6
371,2019-02-26,1115.61,1116.06,1120.22,1114.64,-0.0
372,2019-02-27,1118.22,1115.61,1120.91,1114.9,0.23
373,2019-02-28,1125.9,1118.5,1126.77,1117.1,0.69
374,2019-03-01,1127.67,1125.6,1128.22,1124.1,0.16
375,2019-03-04,1126.46,1127.66,1128.36,1123.75,-0.1
376,2019-03-05,1125.81,1126.46,1129.48,1125.28,-0.0
377,2019-03-06,1128.38,1125.81,1130.77,1125.5,0.23
378,2019-03-07,1134.87,1128.38,1135.9,1126.8,0.58
379,2019-03-08,1133.9,1134.87,1138.03,1132.16,-0.0
380,2019-03-11,1131.77,1134.1,1137.4,1131.1,-0.1
381,2019-03-12,1128.44,1131.77,1132.69,1127.4,-0.2
382,2019-03-13,1130.5,1128.44,1134.66,1127.5,0.18
383,2019-03-14,1136.42,1130.5,1137.79,1129.9,0.52
384,2019-03-15,1135.7,1136.42,1140.31,1132.45,-0.0
385,2019-03-18,1132.52,1135.05,1137.43,1131.0,-0.2
386,2019-03-19,1130.96,1132.52,1134.3,1128.6,-0.1
387,2019-03-20,1126.05,1130.89,1132.9,1123.7,-0.4
388,2019-03-21,1128.41,1126.05,1130.87,1124.51,0.21
389,2019-03-22,1136.11,1128.41,1138.74,1127.93,0.68
390,2019-03-25,1132.86,1135.82,1137.3,1132.0,-0.2
391,2019-03-26,1135.87,1132.86,1136.55,1130.9,0.27
392,2019-03-27,1139.24,1135.87,1139.94,1133.85,0.3
393,2019-03-28,1135.95,1139.24,1140.42,1135.5,-0.2
394,2019-03-29,1137.4,1136.0,1138.79,1135.2,0.13
395,2019-04-01,1133.72,1137.02,1137.96,1131.42,-0.3
396,2019-04-02,1136.92,1133.72,1138.91,1132.0,0.28
397,2019-04-03,1133.67,1137.4,1138.3,1132.67,-0.2
398,2019-04-04,1135.83,1134.67,1138.98,1133.08,0.19
399,2019-04-05,1136.69,1136.33,1139.02,1134.93,0.08
400,2019-04-08,1141.98,1137.55,1146.91,1136.1,0.47
401,2019-04-09,1140.08,1142.11,1144.23,1138.72,-0.1
402,2019-04-10,1136.97,1141.08,1144.43,1136.73,-0.2
403,2019-04-11,1140.96,1137.97,1142.47,1137.0,0.35
404,2019-04-12,1133.72,1141.96,1143.22,1132.38,-0.6
405,2019-04-15,1134.1,1134.72,1136.28,1131.66,0.03
406,2019-04-16,1136.69,1135.1,1138.36,1133.72,0.23
407,2019-04-17,1131.28,1137.69,1138.16,1131.4,-0.4
408,2019-04-18,1136.61,1132.28,1138.81,1131.68,0.47
409,2019-04-19,1135.58,1137.11,1138.09,1135.44,-0.0
410,2019-04-22,1139.99,1135.79,1143.16,1135.43,0.39
411,2019-04-23,1142.11,1140.99,1145.53,1138.84,0.19
412,2019-04-24,1155.05,1143.06,1158.35,1142.34,1.13
413,2019-04-25,1159.01,1156.05,1166.09,1155.78,0.34
414,2019-04-26,1157.9,1160.01,1162.75,1156.25,-0.1
415,2019-04-29,1158.88,1158.73,1161.69,1156.59,0.08
416,2019-04-30,1163.25,1159.89,1169.69,1158.64,0.38
417,2019-05-01,1164.73,1164.25,1166.31,1160.25,0.13
418,2019-05-02,1166.16,1165.73,1168.52,1160.58,0.12
419,2019-05-03,1163.68,1167.06,1172.1,1163.9,-0.2
420,2019-05-06,1168.15,1164.34,1174.32,1164.33,0.38
421,2019-05-07,1172.22,1169.15,1174.4,1165.95,0.35
422,2019-05-08,1172.1,1172.34,1173.81,1167.55,-0.0
423,2019-05-09,1179.09,1173.11,1186.28,1170.85,0.6
424,2019-05-10,1174.2,1180.09,1183.47,1173.38,-0.4
425,2019-05-13,1187.78,1175.2,1190.75,1175.2,1.16
426,2019-05-14,1186.82,1188.78,1190.21,1184.43,-0.0
427,2019-05-15,1185.79,1187.82,1192.28,1185.73,-0.0
428,2019-05-16,1191.33,1186.79,1193.69,1186.22,0.47
429,2019-05-17,1193.73,1192.33,1196.46,1189.01,0.2
430,2019-05-20,1194.23,1194.83,1195.46,1190.94,0.04
431,2019-05-21,1191.78,1194.74,1196.81,1191.24,-0.2
432,2019-05-22,1190.37,1192.78,1197.09,1187.85,-0.1
433,2019-05-23,1188.8,1190.76,1194.68,1188.0,-0.1
434,2019-05-24,1184.77,1189.8,1191.72,1185.07,-0.3
435,2019-05-27,1183.55,1185.65,1187.38,1182.1,-0.1
436,2019-05-28,1187.94,1184.54,1190.36,1182.84,0.37
437,2019-05-29,1193.03,1188.94,1196.75,1187.22,0.43
438,2019-05-30,1188.73,1194.03,1194.82,1187.33,-0.3
439,2019-05-31,1187.8,1189.73,1193.79,1188.03,-0.0
440,2019-06-03,1178.92,1188.8,1191.2,1178.28,-0.7
441,2019-06-04,1177.56,1179.72,1184.88,1177.16,-0.1
442,2019-06-05,1179.84,1178.11,1182.98,1173.89,0.19
443,2019-06-06,1177.67,1180.84,1182.55,1177.91,-0.1
444,2019-06-07,1181.07,1178.67,1186.88,1177.23,0.29
445,2019-06-10,1183.02,1181.76,1188.04,1180.05,0.17
446,2019-06-11,1178.21,1184.02,1186.06,1178.23,-0.4
447,2019-06-12,1183.35,1179.21,1185.28,1177.99,0.44
448,2019-06-13,1182.32,1183.53,1187.56,1181.35,-0.0
449,2019-06-14,1186.78,1183.32,1188.4,1181.63,0.38
450,2019-06-17,1185.55,1186.89,1188.33,1184.63,-0.1
451,2019-06-18,1173.87,1185.45,1188.01,1173.44,-0.9
452,2019-06-19,1171.48,1174.87,1178.96,1171.35,-0.2
453,2019-06-20,1158.52,1172.48,1173.94,1156.15,-1.1
454,2019-06-21,1158.2,1159.42,1164.8,1156.68,-0.0
455,2019-06-24,1153.67,1159.31,1161.36,1154.05,-0.3
456,2019-06-25,1155.17,1154.67,1157.27,1152.68,0.13
457,2019-06-26,1153.67,1156.17,1160.72,1151.89,-0.1
458,2019-06-27,1157.0,1154.53,1159.03,1153.05,0.29
459,2019-06-28,1155.38,1157.15,1159.06,1153.84,-0.1
460,2019-07-01,1160.77,1156.43,1165.06,1148.7,0.47
461,2019-07-02,1166.47,1161.77,1168.61,1160.32,0.49
462,2019-07-03,1169.72,1167.47,1172.92,1165.6,0.28
463,2019-07-04,1167.34,1170.72,1171.74,1166.9,-0.2
464,2019-07-05,1174.59,1168.34,1176.13,1167.52,0.62
465,2019-07-08,1179.94,1175.02,1182.58,1174.63,0.46
466,2019-07-09,1182.22,1180.92,1184.45,1178.07,0.19
467,2019-07-10,1175.57,1183.22,1183.48,1175.18,-0.5
468,2019-07-11,1174.16,1176.57,1178.24,1169.94,-0.1
469,2019-07-12,1176.32,1175.16,1180.27,1173.77,0.18
470,2019-07-15,1179.41,1177.41,1182.25,1176.81,0.26
471,2019-07-16,1179.21,1180.41,1182.52,1176.22,-0.0
472,2019-07-17,1179.62,1179.7,1182.72,1177.6,0.03
473,2019-07-18,1171.78,1180.62,1184.07,1172.29,-0.6
474,2019-07-19,1175.11,1172.78,1176.83,1169.85,0.28
475,2019-07-22,1175.87,1176.11,1179.45,1175.07,0.06
476,2019-07-23,1178.89,1176.87,1180.8,1175.31,0.26
477,2019-07-24,1177.41,1179.9,1181.03,1176.3,-0.1
478,2019-07-25,1183.16,1178.41,1185.35,1177.09,0.49
479,2019-07-26,1183.24,1184.16,1186.65,1181.75,0.01
480,2019-07-29,1182.71,1184.21,1185.95,1180.38,-0.0
481,2019-07-30,1181.14,1183.71,1184.71,1179.38,-0.1
482,2019-07-31,1187.32,1181.14,1189.35,1179.88,0.52
483,2019-08-01,1195.38,1188.32,1198.32,1185.88,0.68
484,2019-08-02,1204.51,1196.38,1208.03,1191.35,0.76
485,2019-08-05,1217.33,1204.94,1221.29,1202.4,1.06
486,2019-08-06,1212.43,1218.33,1220.74,1208.9,-0.4
487,2019-08-07,1212.87,1213.43,1220.22,1211.45,0.04
488,2019-08-08,1207.08,1213.02,1216.46,1206.16,-0.4
489,2019-08-09,1213.45,1208.08,1217.28,1207.15,0.53
490,2019-08-12,1218.14,1214.44,1220.7,1213.57,0.39
491,2019-08-13,1205.64,1219.14,1224.55,1205.64,-1.0
492,2019-08-14,1215.86,1206.64,1218.95,1206.05,0.85
493,2019-08-15,1212.33,1216.86,1219.48,1212.45,-0.2
494,2019-08-16,1207.47,1213.33,1215.95,1205.06,-0.4
495,2019-08-19,1211.62,1208.49,1213.98,1208.19,0.34
496,2019-08-20,1205.4,1212.62,1214.2,1205.4,-0.5
497,2019-08-21,1201.44,1206.4,1210.03,1198.69,-0.3
498,2019-08-22,1209.42,1202.49,1212.36,1201.98,0.66
499,2019-08-23,1212.66,1210.43,1217.89,1206.81,0.27
500,2019-08-26,1211.74,1213.65,1220.7,1212.1,-0.0
501,2019-08-27,1211.74,1212.74,1215.85,1210.25,0.0
502,2019-08-28,1212.29,1212.74,1215.94,1211.52,0.05
503,2019-08-29,1208.12,1213.29,1217.39,1207.76,-0.3
504,2019-08-30,1209.5,1209.12,1212.05,1206.24,0.11
505,2019-09-02,1213.61,1209.77,1215.14,1209.36,0.34
506,2019-09-03,1210.54,1214.67,1217.5,1210.78,-0.2
507,2019-09-04,1203.63,1211.54,1212.27,1203.21,-0.5
508,2019-09-05,1197.52,1204.64,1205.54,1195.86,-0.5
509,2019-09-06,1191.77,1198.03,1199.3,1189.46,-0.4
510,2019-09-09,1191.93,1192.62,1195.36,1188.77,0.01
511,2019-09-10,1191.35,1192.93,1194.2,1189.04,-0.0
512,2019-09-11,1189.68,1191.51,1195.16,1188.67,-0.1
513,2019-09-12,1181.44,1190.68,1191.41,1177.55,-0.6
514,2019-09-13,1178.72,1182.44,1184.46,1175.31,-0.2
515,2019-09-16,1184.02,1181.65,1186.2,1181.56,0.45
516,2019-09-17,1186.62,1185.02,1191.65,1183.59,0.22
517,2019-09-18,1190.73,1187.62,1194.74,1186.52,0.35
518,2019-09-19,1194.35,1191.78,1197.33,1190.12,0.3
519,2019-09-20,1193.13,1195.35,1195.86,1186.85,-0.1
520,2019-09-23,1194.04,1194.14,1199.4,1190.49,0.08
521,2019-09-24,1194.53,1195.04,1198.54,1191.99,0.04
522,2019-09-25,1198.82,1195.53,1202.29,1194.38,0.36
523,2019-09-26,1199.46,1199.82,1202.91,1197.52,0.05
524,2019-09-27,1201.99,1200.46,1203.8,1196.86,0.21
525,2019-09-30,1198.09,1202.9,1203.8,1195.3,-0.3
526,2019-10-01,1202.37,1199.09,1204.33,1196.11,0.36
527,2019-10-02,1204.37,1203.37,1207.89,1200.9,0.17
528,2019-10-03,1200.89,1205.37,1206.8,1200.91,-0.2
529,2019-10-04,1191.25,1201.89,1203.18,1191.46,-0.8
530,2019-10-07,1196.33,1192.3,1198.69,1192.19,0.43
531,2019-10-08,1199.02,1197.33,1200.31,1192.1,0.22
532,2019-10-09,1197.5,1200.02,1200.24,1196.07,-0.1
533,2019-10-10,1189.46,1198.5,1201.71,1188.94,-0.6
534,2019-10-11,1182.48,1190.46,1192.62,1177.83,-0.5
535,2019-10-14,1183.7,1182.5,1187.06,1180.52,0.1
536,2019-10-15,1184.79,1184.7,1187.62,1182.31,0.09
537,2019-10-16,1185.51,1184.88,1190.94,1183.64,0.06
538,2019-10-17,1178.6,1186.51,1188.21,1175.23,-0.5
539,2019-10-18,1177.91,1179.07,1182.82,1178.2,-0.0
540,2019-10-21,1172.33,1179.22,1181.05,1168.91,-0.4
541,2019-10-22,1172.09,1172.49,1174.67,1169.22,-0.0
542,2019-10-23,1169.67,1173.07,1176.9,1170.06,-0.2
543,2019-10-24,1175.12,1170.67,1175.87,1167.31,0.47
544,2019-10-25,1171.66,1175.21,1176.18,1171.22,-0.2
545,2019-10-28,1167.61,1171.5,1172.1,1167.54,-0.3
546,2019-10-29,1167.39,1168.62,1170.11,1162.6,-0.0
547,2019-10-30,1164.41,1167.55,1170.84,1164.32,-0.2
548,2019-10-31,1169.24,1165.41,1171.56,1159.17,0.41
549,2019-11-01,1164.67,1170.24,1171.52,1164.01,-0.3
550,2019-11-04,1162.79,1164.8,1164.9,1157.89,-0.1
551,2019-11-05,1155.82,1163.02,1163.3,1153.94,-0.6
552,2019-11-06,1160.41,1156.82,1162.59,1155.35,0.4
553,2019-11-07,1154.31,1161.6,1163.28,1152.73,-0.5
554,2019-11-08,1158.6,1155.31,1159.91,1153.73,0.37
555,2019-11-11,1164.45,1158.7,1167.35,1157.88,0.5
556,2019-11-12,1165.53,1165.46,1166.98,1159.85,0.09
557,2019-11-13,1171.09,1166.53,1174.15,1164.84,0.48
558,2019-11-14,1168.08,1171.48,1173.17,1168.19,-0.2
559,2019-11-15,1162.65,1169.08,1169.9,1163.06,-0.4
560,2019-11-18,1166.23,1163.7,1168.16,1162.19,0.31
561,2019-11-19,1167.35,1167.23,1170.67,1165.31,0.1
562,2019-11-20,1169.82,1168.35,1172.71,1167.33,0.21
563,2019-11-21,1176.45,1170.82,1179.55,1169.8,0.57
564,2019-11-22,1179.33,1176.74,1181.02,1174.97,0.24
565,2019-11-25,1172.9,1180.75,1180.76,1172.68,-0.5
566,2019-11-26,1172.42,1173.9,1179.05,1170.2,-0.0
567,2019-11-27,1175.97,1173.32,1178.86,1172.24,0.3
568,2019-11-28,1178.09,1176.98,1181.04,1175.86,0.18
569,2019-11-29,1180.7,1178.82,1182.76,1177.56,0.22
570,2019-12-02,1184.78,1181.42,1187.3,1177.71,0.35
571,2019-12-03,1189.36,1185.78,1194.02,1183.86,0.39
572,2019-12-04,1191.15,1189.77,1196.2,1188.67,0.15
573,2019-12-05,1187.92,1191.35,1193.38,1187.43,-0.2
574,2019-12-06,1185.51,1188.92,1192.69,1185.54,-0.2
575,2019-12-09,1189.55,1186.01,1192.81,1185.86,0.34
576,2019-12-10,1189.49,1190.54,1194.32,1189.19,-0.0
577,2019-12-11,1188.61,1190.49,1195.58,1189.15,-0.0
578,2019-12-12,1171.89,1189.61,1192.16,1170.51,-1.4
579,2019-12-13,1175.57,1172.89,1179.03,1168.32,0.31
580,2019-12-16,1167.48,1176.8,1177.55,1167.56,-0.6
581,2019-12-17,1163.15,1168.48,1170.6,1162.17,-0.3
582,2019-12-18,1166.57,1164.15,1169.7,1162.46,0.29
583,2019-12-19,1162.27,1166.71,1168.1,1162.31,-0.3
584,2019-12-20,1158.99,1163.27,1165.87,1158.16,-0.2
585,2019-12-23,1163.04,1159.39,1164.9,1159.04,0.35
586,2019-12-24,1162.52,1164.04,1166.1,1160.35,-0.0
587,2019-12-25,1159.76,1163.52,1163.81,1160.71,-0.2
588,2019-12-26,1161.3,1160.76,1163.52,1159.65,0.13
589,2019-12-27,1158.95,1162.33,1162.79,1158.12,-0.2
590,2019-12-30,1156.97,1160.7,1161.03,1154.48,-0.1
591,2019-12-31,1154.07,1157.97,1159.0,1152.94,-0.2
592,2020-01-01,1154.02,1155.07,1155.32,1154.08,-0.0
593,2020-01-02,1157.35,1155.02,1161.15,1153.48,0.29
594,2020-01-03,1164.95,1157.94,1168.83,1155.7,0.66
595,2020-01-06,1166.94,1165.89,1172.99,1165.78,0.17
596,2020-01-07,1167.3,1167.54,1168.82,1163.11,0.03
597,2020-01-08,1162.25,1168.3,1179.67,1160.5,-0.4
598,2020-01-09,1158.72,1162.49,1163.55,1157.41,-0.3
599,2020-01-10,1157.97,1159.73,1164.16,1157.55,-0.0
600,2020-01-13,1153.95,1158.92,1159.57,1153.13,-0.3
601,2020-01-14,1157.2,1154.95,1159.66,1150.3,0.28
602,2020-01-15,1157.91,1158.2,1162.8,1155.85,0.06
603,2020-01-16,1159.73,1158.91,1161.97,1156.5,0.16
604,2020-01-17,1160.44,1160.73,1161.93,1155.97,0.06
605,2020-01-20,1158.61,1161.46,1162.2,1155.87,-0.1
606,2020-01-21,1169.01,1159.61,1170.77,1157.94,0.9
607,2020-01-22,1164.76,1170.01,1170.2,1162.02,-0.3
608,2020-01-23,1168.54,1165.76,1170.77,1164.29,0.32
609,2020-01-24,1169.2,1168.6,1171.06,1166.02,0.06
610,2020-01-27,1176.7,1170.24,1179.71,1170.09,0.64
611,2020-01-28,1175.71,1177.7,1181.88,1174.96,-0.0
612,2020-01-29,1178.68,1176.21,1180.43,1173.73,0.25
613,2020-01-30,1187.64,1179.68,1193.67,1178.22,0.76
614,2020-01-31,1194.97,1188.64,1198.55,1183.88,0.62
615,2020-02-03,1189.79,1195.96,1199.44,1190.17,-0.4
616,2020-02-04,1182.9,1190.81,1194.28,1183.24,-0.5
617,2020-02-05,1183.4,1183.9,1192.9,1180.18,0.04
618,2020-02-06,1185.28,1184.4,1186.77,1177.71,0.16
619,2020-02-07,1191.39,1186.28,1196.29,1184.72,0.52
620,2020-02-10,1187.17,1192.39,1194.5,1185.33,-0.3
621,2020-02-11,1181.25,1188.17,1188.57,1180.42,-0.5
622,2020-02-12,1178.51,1182.29,1184.21,1176.06,-0.2
623,2020-02-13,1183.58,1179.51,1185.02,1178.24,0.43
624,2020-02-14,1182.46,1184.59,1185.85,1180.48,-0.0
625,2020-02-17,1185.25,1183.44,1185.88,1179.19,0.24
626,2020-02-18,1190.95,1185.38,1192.48,1184.28,0.48
627,2020-02-19,1192.5,1191.05,1193.9,1187.5,0.13
628,2020-02-20,1204.71,1193.0,1208.99,1191.42,1.02
629,2020-02-21,1206.91,1205.21,1215.27,1202.94,0.18
630,2020-02-24,1219.08,1206.97,1222.96,1206.97,1.01
631,2020-02-25,1215.54,1219.17,1220.33,1208.84,-0.2
632,2020-02-26,1212.31,1216.04,1220.63,1211.83,-0.2
633,2020-02-27,1212.63,1212.81,1218.82,1206.76,0.03
634,2020-02-28,1200.2,1212.68,1218.56,1199.59,-1.0
635,2020-03-02,1189.61,1200.21,1207.63,1188.56,-0.8
636,2020-03-03,1180.5,1189.71,1196.21,1178.81,-0.7
637,2020-03-04,1184.73,1181.0,1188.98,1181.0,0.36
638,2020-03-05,1188.72,1185.23,1193.08,1179.84,0.34
639,2020-03-06,1188.7,1188.82,1194.72,1184.96,-0.0
640,2020-03-09,1200.88,1188.7,1206.6,1188.6,1.02
641,2020-03-10,1185.6,1200.94,1202.3,1185.03,-1.2
642,2020-03-11,1192.57,1185.75,1197.95,1184.43,0.59
643,2020-03-12,1210.71,1192.71,1214.17,1191.15,1.52
644,2020-03-13,1211.28,1211.21,1226.77,1205.48,0.05
645,2020-03-16,1232.37,1211.7,1233.72,1209.31,1.74
646,2020-03-17,1239.72,1232.87,1247.21,1232.45,0.6
647,2020-03-18,1256.46,1239.76,1269.15,1231.6,1.35
648,2020-03-19,1257.86,1256.5,1292.93,1247.45,0.11
649,2020-03-20,1254.45,1258.36,1264.6,1237.22,-0.2
650,2020-03-23,1272.5,1254.85,1283.05,1254.4,1.44
651,2020-03-24,1233.21,1273.0,1273.04,1232.9,-3.0
652,2020-03-25,1232.0,1234.21,1239.08,1226.07,-0.1
653,2020-03-26,1212.9,1233.0,1235.43,1212.48,-1.5
654,2020-03-27,1212.23,1213.4,1227.29,1205.31,-0.0
655,2020-03-30,1224.21,1212.73,1227.21,1212.18,0.99
656,2020-03-31,1218.3,1224.71,1225.21,1214.28,-0.4
657,2020-04-01,1236.2,1218.8,1239.27,1216.8,1.47
658,2020-04-02,1227.35,1236.7,1243.29,1225.56,-0.7
659,2020-04-03,1235.61,1227.85,1240.65,1224.18,0.67
660,2020-04-06,1224.6,1236.42,1239.51,1223.58,-0.8
661,2020-04-07,1214.93,1224.64,1225.56,1208.79,-0.7
662,2020-04-08,1215.76,1215.43,1223.19,1214.09,0.07
663,2020-04-09,1210.58,1216.26,1222.36,1208.67,-0.4
664,2020-04-10,1211.05,1211.11,1216.1,1206.64,0.04
665,2020-04-13,1215.46,1212.04,1221.7,1211.59,0.36
666,2020-04-14,1212.46,1215.97,1219.45,1211.31,-0.2
667,2020-04-15,1224.68,1212.5,1225.77,1209.61,1.01
668,2020-04-16,1228.94,1224.72,1230.53,1222.94,0.35
669,2020-04-17,1216.13,1228.98,1229.45,1213.95,-1.0
670,2020-04-20,1220.58,1216.26,1222.63,1214.71,0.37
671,2020-04-21,1232.56,1220.62,1241.82,1220.12,0.98
672,2020-04-22,1233.55,1233.53,1237.91,1229.92,0.08
673,2020-04-23,1233.04,1234.05,1237.23,1227.72,-0.0
674,2020-04-24,1230.53,1233.54,1238.24,1229.93,-0.2
675,2020-04-27,1222.05,1230.5,1235.1,1220.81,-0.6
676,2020-04-28,1221.31,1222.64,1227.95,1216.86,-0.0
677,2020-04-29,1210.99,1221.81,1223.45,1210.42,-0.8
678,2020-04-30,1212.94,1211.1,1215.69,1203.52,0.16
679,2020-05-01,1224.89,1213.94,1225.87,1213.1,0.99
680,2020-05-04,1224.14,1224.8,1230.53,1223.36,-0.0
681,2020-05-05,1222.47,1224.18,1224.82,1218.2,-0.1
682,2020-05-06,1228.55,1222.57,1230.03,1220.57,0.5
683,2020-05-07,1219.61,1229.6,1230.06,1217.08,-0.7
684,2020-05-08,1219.65,1220.11,1221.82,1214.51,0.0
685,2020-05-11,1222.91,1219.7,1226.18,1214.18,0.27
686,2020-05-12,1226.64,1223.41,1228.95,1220.19,0.31
687,2020-05-13,1227.37,1226.84,1229.4,1222.17,0.06
688,2020-05-14,1227.03,1227.51,1234.03,1226.12,-0.0
689,2020-05-15,1232.69,1227.53,1235.58,1226.3,0.46
690,2020-05-18,1225.13,1233.09,1235.04,1224.44,-0.6
691,2020-05-19,1225.04,1225.27,1227.55,1221.06,-0.0
692,2020-05-20,1227.26,1225.18,1232.7,1224.17,0.18
693,2020-05-21,1233.19,1227.4,1234.52,1226.44,0.48
694,2020-05-22,1240.59,1233.27,1244.51,1232.81,0.6
695,2020-05-25,1240.45,1240.56,1244.89,1237.61,-0.0
696,2020-05-26,1230.9,1240.95,1242.7,1230.11,-0.7
697,2020-05-27,1238.19,1230.99,1239.51,1230.43,0.59
698,2020-05-28,1237.97,1238.26,1242.59,1233.71,-0.0
699,2020-05-29,1231.49,1238.03,1240.7,1230.18,-0.5
700,2020-06-01,1222.92,1231.47,1232.19,1221.74,-0.7
701,2020-06-02,1219.62,1223.05,1227.33,1216.33,-0.2
702,2020-06-03,1215.79,1220.12,1220.67,1214.12,-0.3
703,2020-06-04,1216.39,1215.95,1220.2,1212.94,0.05
704,2020-06-05,1202.02,1216.54,1218.76,1200.35,-1.1
705,2020-06-08,1195.35,1201.85,1205.88,1193.92,-0.5
706,2020-06-09,1198.4,1195.9,1202.93,1194.99,0.26
707,2020-06-10,1190.67,1198.52,1200.79,1184.24,-0.6
708,2020-06-11,1206.1,1190.79,1208.4,1188.11,1.3
709,2020-06-12,1203.66,1206.2,1210.48,1200.61,-0.2
710,2020-06-15,1208.55,1203.61,1217.13,1203.16,0.41
711,2020-06-16,1211.79,1208.65,1215.22,1204.09,0.27
712,2020-06-17,1215.41,1212.29,1219.26,1210.35,0.3
713,2020-06-18,1212.5,1215.53,1218.09,1207.76,-0.2
714,2020-06-19,1211.83,1212.6,1214.16,1205.62,-0.0
715,2020-06-22,1209.41,1211.89,1216.35,1208.77,-0.2
716,2020-06-23,1207.46,1209.53,1216.4,1205.47,-0.1
717,2020-06-24,1206.08,1208.45,1208.87,1198.71,-0.1
718,2020-06-25,1202.21,1206.2,1209.08,1200.91,-0.3
719,2020-06-26,1203.8,1202.36,1204.83,1197.0,0.13
720,2020-06-29,1199.16,1203.63,1205.96,1197.46,-0.3
721,2020-06-30,1199.28,1199.66,1204.68,1195.09,0.01
722,2020-07-01,1201.51,1199.44,1205.05,1197.92,0.19
723,2020-07-02,1198.75,1201.67,1204.15,1196.68,-0.2
724,2020-07-03,1198.93,1199.25,1202.47,1197.77,0.02
725,2020-07-06,1191.92,1199.66,1200.1,1191.11,-0.5
726,2020-07-07,1196.75,1192.04,1197.78,1189.23,0.41
727,2020-07-08,1192.05,1196.84,1199.53,1192.08,-0.3
728,2020-07-09,1196.98,1192.68,1199.13,1191.04,0.41
729,2020-07-10,1200.42,1197.06,1206.03,1196.18,0.29
730,2020-07-13,1203.37,1200.52,1204.48,1198.69,0.25
731,2020-07-14,1204.89,1203.87,1208.74,1203.07,0.13
732,2020-07-15,1200.5,1205.01,1205.49,1198.81,-0.3
733,2020-07-16,1205.11,1201.0,1207.6,1200.08,0.38
734,2020-07-17,1203.44,1205.23,1207.35,1202.92,-0.1
735,2020-07-20,1200.9,1203.53,1206.93,1200.46,-0.2
736,2020-07-21,1193.92,1201.02,1202.02,1192.34,-0.5
737,2020-07-22,1197.22,1194.03,1199.91,1192.29,0.28
738,2020-07-23,1201.45,1197.38,1203.85,1195.58,0.35
739,2020-07-24,1201.5,1201.95,1204.59,1198.71,0.0
740,2020-07-27,1195.57,1201.49,1202.32,1194.12,-0.4
741,2020-07-28,1199.46,1196.07,1202.16,1190.1,0.33
742,2020-07-29,1189.79,1199.54,1200.05,1189.76,-0.8
743,2020-07-30,1189.62,1190.04,1198.22,1187.59,-0.0
744,2020-07-31,1193.59,1189.73,1196.11,1186.27,0.33
745,2020-08-03,1192.59,1194.1,1196.79,1191.31,-0.0
746,2020-08-04,1193.2,1192.7,1197.12,1191.18,0.05
747,2020-08-05,1186.05,1193.32,1193.81,1183.31,-0.6
748,2020-08-06,1183.5,1186.24,1187.47,1182.51,-0.2
749,2020-08-07,1188.68,1184.0,1191.28,1183.07,0.44
750,2020-08-10,1185.58,1189.19,1189.64,1183.9,-0.2
751,2020-08-11,1185.62,1186.08,1187.97,1181.69,0.0
752,2020-08-12,1183.23,1186.12,1187.77,1182.33,-0.2
753,2020-08-13,1184.92,1183.74,1186.32,1181.24,0.14
754,2020-08-14,1186.94,1185.15,1188.06,1183.92,0.17
755,2020-08-17,1183.19,1185.9,1187.27,1183.63,-0.3
756,2020-08-18,1182.7,1184.14,1186.7,1182.89,-0.0
757,2020-08-19,1181.74,1183.79,1184.57,1176.04,-0.0
758,2020-08-20,1185.24,1182.24,1190.91,1181.53,0.3
759,2020-08-21,1191.72,1185.36,1193.51,1183.1,0.55
760,2020-08-24,1188.66,1192.12,1193.03,1186.47,-0.2
761,2020-08-25,1187.35,1189.04,1190.22,1184.7,-0.1
762,2020-08-26,1184.39,1187.48,1188.94,1184.16,-0.2
763,2020-08-27,1187.44,1184.79,1188.51,1182.82,0.26
764,2020-08-28,1180.48,1187.56,1188.29,1180.03,-0.5
765,2020-08-31,1187.94,1180.51,1188.87,1178.91,0.63
766,2020-09-01,1185.45,1188.07,1188.69,1181.68,-0.2
767,2020-09-02,1189.13,1185.58,1191.71,1184.18,0.31
768,2020-09-03,1191.48,1189.63,1192.56,1185.47,0.2
769,2020-09-04,1187.3,1191.73,1193.21,1186.94,-0.3
770,2020-09-07,1187.27,1187.33,1189.67,1185.85,-0.0
771,2020-09-08,1190.1,1187.77,1190.87,1185.8,0.24
772,2020-09-09,1184.79,1190.23,1191.79,1184.05,-0.4
773,2020-09-10,1188.11,1184.92,1188.73,1183.88,0.28
774,2020-09-11,1187.89,1188.21,1190.27,1185.6,-0.0
775,2020-09-14,1181.51,1187.99,1188.86,1180.21,-0.5
776,2020-09-15,1179.76,1181.89,1183.53,1176.74,-0.1
777,2020-09-16,1172.88,1180.26,1181.93,1169.9,-0.5
778,2020-09-17,1169.2,1172.97,1178.18,1168.43,-0.3
779,2020-09-18,1164.81,1169.7,1170.78,1159.4,-0.3
780,2020-09-21,1163.61,1165.0,1168.31,1156.46,-0.1
781,2020-09-22,1163.61,1164.84,1166.03,1158.93,0.0
782,2020-09-23,1170.65,1163.65,1172.46,1160.69,0.61
783,2020-09-24,1169.1,1170.78,1176.31,1167.08,-0.1
784,2020-09-25,1174.32,1169.6,1178.03,1168.35,0.45
785,2020-09-28,1166.85,1174.44,1175.23,1166.81,-0.6
786,2020-09-29,1168.73,1167.35,1171.6,1166.38,0.16
787,2020-09-30,1164.65,1168.82,1171.58,1163.73,-0.3
788,2020-10-01,1162.83,1164.75,1165.84,1160.7,-0.1
789,2020-10-02,1166.26,1162.93,1168.28,1162.18,0.29
790,2020-10-05,1157.12,1166.35,1167.33,1156.59,-0.7
791,2020-10-06,1164.37,1157.29,1166.07,1156.42,0.63
792,2020-10-07,1157.26,1164.87,1166.56,1156.14,-0.6
793,2020-10-08,1151.11,1157.38,1159.31,1150.43,-0.5
794,2020-10-09,1143.52,1151.22,1151.87,1141.86,-0.6
795,2020-10-12,1147.79,1143.65,1152.14,1143.11,0.37
796,2020-10-13,1148.3,1148.29,1151.93,1144.46,0.04
797,2020-10-14,1147.14,1148.8,1150.0,1142.28,-0.1
798,2020-10-15,1145.14,1147.2,1149.46,1141.53,-0.1
799,2020-10-16,1142.13,1145.23,1148.14,1140.73,-0.2
800,2020-10-19,1140.06,1142.21,1143.96,1137.26,-0.1
801,2020-10-20,1138.39,1140.63,1141.88,1137.25,-0.1
802,2020-10-21,1132.54,1138.77,1140.1,1130.61,-0.5
803,2020-10-22,1134.74,1133.07,1137.55,1131.96,0.19
804,2020-10-23,1127.95,1135.14,1136.94,1126.23,-0.6
805,2020-10-26,1132.44,1128.45,1134.16,1127.06,0.4
806,2020-10-27,1129.21,1132.51,1133.43,1124.69,-0.2
807,2020-10-28,1134.93,1129.28,1138.97,1126.57,0.51
808,2020-10-29,1130.06,1135.14,1136.08,1130.19,-0.4
809,2020-10-30,1136.49,1130.56,1139.16,1126.23,0.57
810,2020-11-02,1132.95,1136.6,1137.6,1132.59,-0.3
811,2020-11-03,1131.32,1133.1,1137.16,1129.79,-0.1
812,2020-11-04,1127.65,1131.39,1147.82,1125.47,-0.3
813,2020-11-05,1122.88,1129.66,1134.41,1121.6,-0.4
814,2020-11-06,1121.4,1123.38,1127.18,1118.45,-0.1
815,2020-11-09,1119.06,1121.91,1122.35,1110.42,-0.2
816,2020-11-10,1117.07,1119.45,1120.29,1113.6,-0.1
817,2020-11-11,1112.39,1117.2,1118.13,1108.93,-0.4
818,2020-11-12,1114.86,1112.49,1116.31,1110.46,0.22
819,2020-11-13,1107.62,1115.03,1117.12,1107.03,-0.6
820,2020-11-16,1107.04,1108.25,1110.56,1105.09,-0.0
821,2020-11-17,1105.38,1107.16,1108.39,1103.98,-0.1
822,2020-11-18,1106.17,1105.79,1107.84,1101.61,0.07
823,2020-11-19,1113.59,1106.67,1119.09,1106.08,0.67
824,2020-11-20,1114.95,1114.09,1117.87,1112.31,0.12
825,2020-11-23,1113.51,1115.08,1116.82,1109.91,-0.1
826,2020-11-24,1110.24,1114.01,1114.68,1108.08,-0.2
827,2020-11-25,1106.21,1110.64,1111.51,1104.69,-0.3
828,2020-11-26,1105.57,1106.33,1108.77,1103.13,-0.0
829,2020-11-27,1104.43,1106.07,1107.47,1102.43,-0.1
830,2020-11-30,1109.32,1105.02,1110.34,1103.2,0.44
831,2020-12-01,1105.73,1109.82,1110.35,1105.2,-0.3
832,2020-12-02,1100.02,1106.23,1107.01,1099.22,-0.5
833,2020-12-03,1092.08,1100.16,1101.91,1089.7,-0.7
834,2020-12-04,1083.77,1092.2,1093.71,1080.57,-0.7
835,2020-12-07,1083.53,1083.87,1088.35,1080.39,-0.0
836,2020-12-08,1084.86,1084.53,1087.79,1082.49,0.12
837,2020-12-09,1086.48,1085.79,1088.97,1080.82,0.15
838,2020-12-10,1085.55,1087.38,1091.93,1084.12,-0.0
839,2020-12-11,1091.67,1087.34,1094.56,1085.27,0.56
840,2020-12-14,1093.07,1091.8,1094.91,1088.85,0.13
841,2020-12-15,1089.43,1093.32,1096.14,1088.49,-0.3
842,2020-12-16,1092.36,1089.56,1096.55,1088.05,0.27
843,2020-12-17,1093.01,1094.12,1095.43,1090.27,0.06
844,2020-12-18,1099.39,1094.01,1100.78,1092.34,0.58
845,2020-12-21,1102.55,1099.48,1112.74,1097.94,0.29
846,2020-12-22,1109.72,1104.31,1111.05,1102.46,0.65
847,2020-12-23,1106.65,1109.94,1111.05,1104.68,-0.2
848,2020-12-24,1101.59,1106.87,1107.47,1100.48,-0.4
849,2020-12-25,1099.07,1102.66,1102.81,1100.03,-0.2
850,2020-12-28,1095.6,1100.08,1103.55,1093.51,-0.3
851,2020-12-29,1090.97,1097.3,1098.57,1090.63,-0.4
852,2020-12-30,1087.62,1091.97,1093.92,1084.52,-0.3
853,2020-12-31,1084.47,1088.43,1090.35,1082.97,-0.2
854,2021-01-01,1084.73,1085.69,1086.1,1085.25,0.02
855,2021-01-04,1086.48,1085.73,1088.3,1080.02,0.16
856,2021-01-05,1086.42,1086.69,1090.33,1082.04,-0.0
857,2021-01-06,1087.93,1087.4,1089.79,1083.91,0.14
858,2021-01-07,1094.28,1088.03,1096.78,1085.42,0.58
859,2021-01-08,1092.93,1094.35,1099.21,1088.79,-0.1
860,2021-01-11,1097.23,1093.01,1101.05,1092.73,0.39
861,2021-01-12,1094.48,1097.38,1103.46,1092.97,-0.2
862,2021-01-13,1097.12,1094.6,1099.33,1092.37,0.24
863,2021-01-14,1095.88,1098.11,1103.42,1093.93,-0.1
864,2021-01-15,1103.27,1096.04,1105.33,1094.93,0.67
865,2021-01-18,1102.52,1104.26,1108.42,1102.28,-0.0
866,2021-01-19,1101.44,1104.18,1106.17,1100.2,-0.1
867,2021-01-20,1096.35,1102.44,1103.39,1096.88,-0.4
868,2021-01-21,1099.88,1097.35,1102.67,1096.59,0.32
869,2021-01-22,1105.41,1099.97,1107.29,1098.95,0.5
870,2021-01-25,1102.58,1105.54,1105.92,1100.05,-0.2
871,2021-01-26,1101.02,1102.69,1108.24,1100.47,-0.1
872,2021-01-27,1108.38,1102.01,1109.9,1100.87,0.67
873,2021-01-28,1112.52,1108.42,1121.36,1107.49,0.37
874,2021-01-29,1117.64,1113.24,1121.76,1112.15,0.46
875,2021-02-01,1116.51,1118.43,1120.98,1115.55,-0.1
876,2021-02-02,1115.37,1117.44,1119.7,1113.65,-0.1
877,2021-02-03,1113.46,1115.51,1117.25,1111.8,-0.1
878,2021-02-04,1120.0,1113.58,1122.74,1112.48,0.59
879,2021-02-05,1116.77,1120.11,1127.85,1116.22,-0.2
880,2021-02-08,1115.61,1117.76,1122.17,1116.05,-0.1
881,2021-02-09,1110.88,1117.31,1118.75,1110.08,-0.4
882,2021-02-10,1105.48,1111.01,1114.16,1103.59,-0.4
883,2021-02-11,1102.12,1106.48,1108.02,1102.05,-0.3
884,2021-02-12,1102.59,1103.12,1107.59,1101.73,0.04
885,2021-02-15,1101.31,1104.37,1106.0,1100.7,-0.1
886,2021-02-16,1106.58,1102.31,1109.55,1096.91,0.48
887,2021-02-17,1105.61,1107.58,1110.81,1104.49,-0.0
888,2021-02-18,1106.96,1106.5,1110.15,1103.19,0.12
889,2021-02-19,1104.27,1107.08,1111.28,1102.22,-0.2
890,2021-02-22,1111.59,1106.02,1116.1,1102.83,0.66
891,2021-02-23,1110.13,1112.58,1114.81,1108.24,-0.1
892,2021-02-24,1107.27,1110.22,1113.75,1106.08,-0.2
893,2021-02-25,1118.77,1107.54,1121.61,1105.7,1.04
894,2021-02-26,1123.89,1119.47,1130.33,1118.41,0.46
895,2021-03-01,1113.33,1124.89,1125.15,1113.09,-0.9
896,2021-03-02,1125.01,1113.53,1128.28,1102.06,1.05
897,2021-03-03,1126.05,1125.29,1128.05,1116.95,0.09
898,2021-03-04,1130.87,1127.05,1133.06,1123.36,0.43
899,2021-03-05,1128.0,1131.03,1137.27,1124.04,-0.2
900,2021-03-08,1140.83,1128.85,1144.07,1127.06,1.14
901,2021-03-09,1134.91,1141.83,1144.85,1133.38,-0.5
902,2021-03-10,1135.91,1135.91,1145.6,1135.31,0.09
903,2021-03-11,1130.35,1136.91,1140.99,1128.9,-0.4
904,2021-03-12,1136.0,1130.85,1139.35,1127.27,0.5
905,2021-03-15,1132.35,1136.5,1138.78,1130.92,-0.3
906,2021-03-16,1129.0,1132.85,1135.91,1128.14,-0.3
907,2021-03-17,1121.21,1129.93,1134.31,1120.65,-0.6
908,2021-03-18,1127.75,1121.91,1131.3,1120.04,0.58
909,2021-03-19,1129.12,1128.25,1134.8,1125.31,0.12
910,2021-03-22,1126.0,1129.47,1134.01,1125.61,-0.2
911,2021-03-23,1132.9,1126.49,1134.48,1125.02,0.61
912,2021-03-24,1134.9,1133.4,1135.96,1130.24,0.18
913,2021-03-25,1135.12,1135.4,1138.02,1131.93,0.02
914,2021-03-26,1128.52,1135.24,1136.09,1128.07,-0.5
915,2021-03-29,1131.56,1128.95,1136.41,1128.77,0.27
916,2021-03-30,1132.59,1132.56,1136.29,1131.42,0.09
917,2021-03-31,1127.17,1133.54,1134.68,1125.32,-0.4
918,2021-04-01,1128.72,1127.96,1133.82,1125.31,0.14
919,2021-04-02,1128.64,1128.86,1130.38,1126.29,-0.0
920,2021-04-05,1124.18,1129.69,1130.03,1122.45,-0.4
921,2021-04-06,1119.17,1125.04,1125.68,1116.57,-0.4
922,2021-04-07,1119.03,1119.29,1120.36,1114.67,-0.0
923,2021-04-08,1115.83,1119.2,1121.56,1114.59,-0.2
924,2021-04-09,1120.98,1116.75,1122.58,1113.15,0.46
925,2021-04-12,1124.32,1121.77,1127.28,1120.29,0.3
926,2021-04-13,1121.37,1125.23,1128.42,1120.38,-0.2
927,2021-04-14,1116.08,1121.55,1123.91,1112.09,-0.4
928,2021-04-15,1116.68,1116.26,1119.82,1113.01,0.05
929,2021-04-16,1116.5,1116.85,1121.57,1113.06,-0.0
930,2021-04-19,1115.33,1117.05,1120.26,1112.94,-0.1
931,2021-04-20,1117.28,1115.51,1119.74,1110.29,0.17
932,2021-04-21,1116.35,1117.45,1121.61,1114.78,-0.0
933,2021-04-22,1118.79,1116.7,1121.69,1114.13,0.22
934,2021-04-23,1114.72,1120.18,1121.54,1113.94,-0.3
935,2021-04-26,1110.27,1115.85,1116.95,1108.96,-0.4
936,2021-04-27,1113.33,1110.44,1114.55,1108.27,0.28
937,2021-04-28,1109.88,1113.43,1115.52,1108.31,-0.3
938,2021-04-29,1107.63,1110.06,1111.17,1105.3,-0.2
939,2021-04-30,1117.16,1107.81,1119.45,1106.52,0.86
940,2021-05-03,1120.34,1117.76,1124.94,1115.51,0.28
941,2021-05-04,1125.77,1120.5,1128.92,1118.84,0.48
942,2021-05-05,1124.72,1125.94,1128.3,1122.18,-0.0
943,2021-05-06,1120.28,1125.02,1127.02,1119.63,-0.3
944,2021-05-07,1111.23,1120.45,1123.67,1109.48,-0.8
945,2021-05-10,1116.68,1112.97,1118.1,1110.49,0.49
946,2021-05-11,1119.58,1116.83,1122.39,1114.95,0.26
947,2021-05-12,1132.73,1119.67,1133.94,1118.74,1.17
948,2021-05-13,1126.73,1132.92,1136.13,1126.17,-0.5
949,2021-05-14,1125.79,1126.89,1131.31,1125.23,-0.0
950,2021-05-17,1136.73,1126.52,1139.74,1125.95,0.97
951,2021-05-18,1126.93,1136.91,1139.74,1125.64,-0.8
952,2021-05-19,1131.18,1127.07,1133.31,1124.6,0.38
953,2021-05-20,1127.66,1131.35,1134.41,1127.17,-0.3
954,2021-05-21,1127.63,1127.99,1129.36,1122.24,-0.0
955,2021-05-24,1123.48,1127.86,1129.6,1122.8,-0.3
956,2021-05-25,1122.36,1123.6,1126.55,1120.35,-0.1
957,2021-05-26,1116.61,1122.54,1123.49,1114.67,-0.5
958,2021-05-27,1118.55,1116.79,1120.32,1115.07,0.17
959,2021-05-28,1113.08,1118.72,1119.35,1112.86,-0.4
960,2021-05-31,1106.58,1113.83,1117.42,1106.5,-0.5
961,2021-06-01,1108.38,1108.08,1110.59,1104.69,0.16
962,2021-06-02,1110.92,1108.49,1114.81,1106.78,0.23
963,2021-06-03,1114.65,1110.78,1115.42,1109.28,0.34
