date,btc_close,ada_close,zil_close,atom_close,ong_close,strax_close,knc_close,moc_close,mlk_close,loom_close
2017-09-25,4322000.0,,,,,4650.0,,,,
2017-09-26,4321000.0,,,,,4870.0,,,,
2017-09-27,4657000.0,,,,,5280.0,,,,
2017-09-28,4586000.0,,,,,5230.0,,,,
2017-09-29,4657000.0,,,,,4990.0,,,,
2017-09-30,4895000.0,,,,,4995.0,,,,
2017-10-01,4962000.0,,,,,4655.0,,,,
2017-10-02,5025000.0,,,,,4450.0,,,,
2017-10-03,4964000.0,,,,,4405.0,,,,
2017-10-04,4895000.0,,,,,4215.0,,,,
2017-10-05,4926000.0,,,,,4050.0,,,,
2017-10-06,5027000.0,21.3,,,,4220.0,,,,
2017-10-07,5047000.0,23.7,,,,4435.0,,,,
2017-10-08,5217000.0,23.2,,,,3980.0,,,,
2017-10-09,5477000.0,25.3,,,,3845.0,,,,
2017-10-10,5486000.0,24.7,,,,3895.0,,,,
2017-10-11,5557000.0,26.0,,,,4040.0,,,,
2017-10-12,6332000.0,30.9,,,,3660.0,,,,
2017-10-13,6438000.0,38.2,,,,3555.0,,,,
2017-10-14,6664000.0,36.7,,,,3230.0,,,,
2017-10-15,6381000.0,33.9,,,,3395.0,,,,
2017-10-16,6491000.0,32.5,,,,3315.0,,,,
2017-10-17,6457000.0,31.3,,,,3490.0,,,,
2017-10-18,6391000.0,30.5,,,,3700.0,,,,
2017-10-19,6511000.0,31.1,,,,3550.0,,,,
2017-10-20,6928000.0,33.2,,,,3425.0,,,,
2017-10-21,6874000.0,,,,,,,,,
2017-10-22,7039000.0,,,,,,,,,
2017-10-23,6971000.0,,,,,,,,,
2017-10-24,6479000.0,31.8,,,,4700.0,,,,
2017-10-25,6643000.0,31.9,,,,5710.0,,,,
2017-10-26,6811000.0,31.4,,,,5060.0,,,,
2017-10-27,6710000.0,30.8,,,,5150.0,,,,
2017-10-28,6715000.0,30.3,,,,4995.0,,,,
2017-10-29,6961000.0,32.4,,,,4550.0,,,,
2017-10-30,6964000.0,32.4,,,,4315.0,,,,
2017-10-31,7422000.0,35.1,,,,3875.0,,,,
2017-11-01,7798000.0,26.5,,,,3510.0,,,,
2017-11-02,8217000.0,24.9,,,,3305.0,,,,
2017-11-03,8143000.0,25.9,,,,3560.0,,,,
2017-11-04,8346000.0,25.0,,,,3365.0,,,,
2017-11-05,8453000.0,24.7,,,,3345.0,,,,
2017-11-06,8060000.0,25.7,,,,3510.0,,,,
2017-11-07,8243000.0,25.6,,,,3475.0,,,,
2017-11-08,8339000.0,28.1,,,,3940.0,,,,
2017-11-09,8148000.0,36.8,,,,4250.0,,,,
2017-11-10,7541000.0,30.9,,,,3645.0,,,,
2017-11-11,7231000.0,31.3,,,,3780.0,,,,
2017-11-12,7132000.0,29.3,,,,3490.0,,,,
2017-11-13,7487000.0,29.5,,,,3705.0,,,,
2017-11-14,7591000.0,30.1,,,,4165.0,,,,
2017-11-15,8350000.0,30.2,,,,4275.0,,,,
2017-11-16,8710000.0,30.4,,,,3665.0,,,,
2017-11-17,8541000.0,28.5,,,,3730.0,,,,
2017-11-18,8618000.0,29.1,,,,3900.0,,,,
2017-11-19,8770000.0,30.7,,,,3750.0,,,,
2017-11-20,9025000.0,31.9,,,,3810.0,,,,
2017-11-21,8944000.0,31.2,,,,3795.0,,,,
2017-11-22,9084000.0,31.8,,,,4125.0,,,,
2017-11-23,8943000.0,30.8,,,,4480.0,,,,
2017-11-24,9195000.0,31.7,,,,4770.0,,,,
2017-11-25,9879000.0,34.7,,,,5310.0,,,,
2017-11-26,10344000.0,40.3,,,,5095.0,,,,
2017-11-27,11314000.0,58.5,,,,6280.0,,,,
2017-11-28,12048000.0,146.0,,,,7815.0,,,,
2017-11-29,11104000.0,101.0,,,,5220.0,,,,
2017-11-30,11935000.0,143.0,,,,6305.0,,,,
2017-12-01,12532000.0,151.0,,,,6510.0,,,,
2017-12-02,12971000.0,156.0,,,,7020.0,,,,
2017-12-03,13128000.0,153.0,,,,7150.0,,,,
2017-12-04,13684000.0,158.0,,,,8790.0,,,,
2017-12-05,14645000.0,158.0,,,,9225.0,,,,
2017-12-06,18390000.0,157.0,,,,10250.0,,,,
2017-12-07,23791000.0,145.0,,,,12260.0,,,,
2017-12-08,20260000.0,144.0,,,,11280.0,,,,
2017-12-09,17769000.0,139.0,,,,10920.0,,,,
2017-12-10,17661000.0,126.0,,,,10630.0,,,,
2017-12-11,19307000.0,138.0,,,,12440.0,,,,
2017-12-12,18940000.0,147.0,,,,11200.0,,,,
2017-12-13,18358000.0,148.0,,,,10700.0,,,,
2017-12-14,18660000.0,260.0,,,,11030.0,,,,
2017-12-15,20075000.0,242.0,,,,11220.0,,,,
2017-12-16,22205000.0,457.0,,,,12230.0,,,,
2017-12-17,21881000.0,552.0,,,,12660.0,,,,
2017-12-18,22087000.0,620.0,,,,14750.0,,,,
2017-12-19,22367000.0,663.0,,,,15100.0,,,,
2017-12-20,22638000.0,664.0,,,,15460.0,,,,
2017-12-21,22200000.0,673.0,,,,18270.0,,,,
2017-12-22,19089000.0,560.0,,,,13950.0,,,,
2017-12-23,20525000.0,583.0,,,,18990.0,,,,
2017-12-24,19592000.0,547.0,,,,20200.0,,,,
2017-12-25,19822000.0,589.0,,,,21860.0,,,,
2017-12-26,21933000.0,591.0,,,,20590.0,,,,
2017-12-27,21970000.0,581.0,,,,19540.0,,,,
2017-12-28,19565000.0,551.0,,,,19270.0,,,,
2017-12-29,19290000.0,691.0,,,,20090.0,,,,
2017-12-30,18415000.0,884.0,,,,18430.0,,,,
2017-12-31,19280000.0,986.0,,,,19340.0,,,,
2018-01-01,18860000.0,987.0,,,,22110.0,,,,
2018-01-02,20263000.0,1050.0,,,,21970.0,,,,
2018-01-03,20900000.0,1545.0,,,,22990.0,,,,
2018-01-04,23402000.0,1755.0,,,,24500.0,,,,
2018-01-05,27444000.0,1625.0,,,,24200.0,,,,
2018-01-06,26924000.0,1635.0,,,,25320.0,,,,
2018-01-07,25859000.0,1615.0,,,,27120.0,,,,
2018-01-08,25230000.0,1510.0,,,,37200.0,,,,
2018-01-09,24016000.0,1345.0,,,,31920.0,,,,
2018-01-10,21317000.0,1105.0,,,,27000.0,,,,
2018-01-11,19389000.0,995.0,,,,23220.0,,,,
2018-01-12,20745000.0,1360.0,,,,27800.0,,,,
2018-01-13,21135000.0,1310.0,,,,29240.0,,,,
2018-01-14,19206000.0,1120.0,,,,27720.0,,,,
2018-01-15,19106000.0,1095.0,,,,29200.0,,,,
2018-01-16,14279000.0,787.0,,,,18800.0,,,,
2018-01-17,14951000.0,863.0,,,,19650.0,,,,
2018-01-18,14880000.0,860.0,,,,19110.0,,,,
2018-01-19,15372000.0,871.0,,,,19830.0,,,,
2018-01-20,16858000.0,936.0,,,,21310.0,,,,
2018-01-21,14640000.0,778.0,,,,16890.0,,,,
2018-01-22,13944000.0,724.0,,,,15190.0,,,,
2018-01-23,13141000.0,676.0,,,,15120.0,,,,
2018-01-24,13450000.0,745.0,,,,15190.0,,,,
2018-01-25,12973000.0,743.0,,,,14700.0,,,,
2018-01-26,12876000.0,722.0,,,,15390.0,,,,
2018-01-27,12900000.0,698.0,,,,16320.0,,,,
2018-01-28,13352000.0,727.0,,,,16330.0,,,,
2018-01-29,12909000.0,683.0,,,,16630.0,,,,
2018-01-30,11627000.0,583.0,,,,13580.0,,,,
2018-01-31,11429000.0,561.0,,,,13640.0,,,,
2018-02-01,10070000.0,451.0,,,,11090.0,,,,
2018-02-02,9410000.0,426.0,,,,9900.0,,,,
2018-02-03,9520000.0,472.0,,,,9880.0,,,,
2018-02-04,8900000.0,413.0,,,,8575.0,,,,
2018-02-05,7832000.0,357.0,,,,6715.0,,,,
2018-02-06,8642000.0,400.0,,,,7600.0,,,,
2018-02-07,8387000.0,371.0,,,,7125.0,,,,
2018-02-08,9480000.0,394.0,,,,8530.0,,,,
2018-02-09,9929000.0,427.0,,,,9245.0,,,,
2018-02-10,9959000.0,444.0,,,,8950.0,,,,
2018-02-11,9320000.0,404.0,,,,7935.0,,,,
2018-02-12,10140000.0,423.0,,,,8870.0,,,,
2018-02-13,9906000.0,412.0,,,,9005.0,,,,
2018-02-14,10473000.0,430.0,,,,10210.0,,,,
2018-02-15,11357000.0,438.0,,,,10500.0,,,,
2018-02-16,11462000.0,437.0,,,,10520.0,,,,
2018-02-17,12300000.0,453.0,,,,10720.0,,,,
2018-02-18,11966000.0,419.0,,,,10400.0,,,,
2018-02-19,12649000.0,427.0,,,,11190.0,,,,
2018-02-20,13548000.0,420.0,,,,10650.0,,,,
2018-02-21,12815000.0,406.0,,,,9685.0,,,,
2018-02-22,11763000.0,373.0,,,,8470.0,,,,
2018-02-23,12065000.0,380.0,,,,9080.0,,,,
2018-02-24,11553000.0,357.0,,,,8520.0,,,,
2018-02-25,11230000.0,383.0,,,,8430.0,,,,
2018-02-26,11773000.0,371.0,,,,8500.0,,,,
2018-02-27,11951000.0,368.0,,,,8725.0,,,,
2018-02-28,11860000.0,348.0,,,,8340.0,,,,
2018-03-01,12214000.0,335.0,,,,8450.0,,,,
2018-03-02,12465000.0,323.0,,,,9000.0,,,,
2018-03-03,12831000.0,327.0,,,,9270.0,,,,
2018-03-04,12592000.0,327.0,,,,9040.0,,,,
2018-03-05,12746000.0,324.0,,,,9075.0,,,,
2018-03-06,12023000.0,310.0,,,,8210.0,,,,
2018-03-07,11200000.0,271.0,,,,6965.0,,,,
2018-03-08,10517000.0,241.0,,,,6505.0,,,,
2018-03-09,10418000.0,241.0,,,,6310.0,,,,
2018-03-10,9863000.0,227.0,,,,5950.0,,,,
2018-03-11,10520000.0,240.0,,,,6385.0,,,,
2018-03-12,10213000.0,244.0,,,,6065.0,,,,
2018-03-13,10168000.0,241.0,,,,6090.0,,,,
2018-03-14,9153000.0,215.0,,,,5260.0,,,,
2018-03-15,9115000.0,200.0,,,,5240.0,,,,
2018-03-16,9095000.0,193.0,,,,5010.0,,,,
2018-03-17,8667000.0,167.0,,,,4510.0,,,,
2018-03-18,9018000.0,168.0,,,,4650.0,,,,
2018-03-19,9718000.0,216.0,,,,5500.0,,,,
2018-03-20,9829000.0,220.0,,,,5700.0,,,,
2018-03-21,9919000.0,232.0,,,,5900.0,,,,
2018-03-22,9783000.0,222.0,,,,5740.0,,,,
2018-03-23,9847000.0,207.0,,,,5610.0,,,,
2018-03-24,9580000.0,208.0,,,,5820.0,,,,
2018-03-25,9477000.0,205.0,,,,6065.0,,,,
2018-03-26,9052000.0,183.0,,,,5425.0,,,,
2018-03-27,8651000.0,169.0,,,,4840.0,,,,
2018-03-28,8730000.0,173.0,,,,5025.0,,,,
2018-03-29,7915000.0,158.0,,,,4275.0,,,,
2018-03-30,7602000.0,157.0,,,,4035.0,,,,
2018-03-31,7697000.0,167.0,,,,4090.0,,,,
2018-04-01,7482000.0,162.0,,,,3715.0,,,,
2018-04-02,7710000.0,166.0,,,,4010.0,,,,
2018-04-03,8092000.0,183.0,,,,4405.0,,,,
2018-04-04,7492000.0,167.0,,,,3910.0,,,,
2018-04-05,7408000.0,159.0,,,,3825.0,,,,
2018-04-06,7280000.0,157.0,,,,3880.0,,,,
2018-04-07,7533000.0,161.0,,,,4040.0,,,,
2018-04-08,7622000.0,170.0,,,,4070.0,,,,
2018-04-09,7450000.0,166.0,,,,3905.0,,,,
2018-04-10,7428000.0,169.0,,,,4010.0,,,,
2018-04-11,7429000.0,176.0,,,,4345.0,,,,
2018-04-12,8121000.0,220.0,,,,4640.0,,,,
2018-04-13,8375000.0,213.0,,,,4910.0,,,,
2018-04-14,8350000.0,212.0,,,,4925.0,,,,
2018-04-15,8663000.0,236.0,,,,5215.0,,,,
2018-04-16,8663000.0,275.0,,,,5235.0,,,,
2018-04-17,8450000.0,259.0,,,,5310.0,,,,
2018-04-18,8652000.0,275.0,,,,5950.0,,,,
2018-04-19,8994000.0,291.0,,,,6280.0,,,,
2018-04-20,9552000.0,325.0,,,,6450.0,,,,
2018-04-21,9735000.0,314.0,,,,6270.0,,,,
2018-04-22,9602000.0,309.0,,,,6245.0,,,,
2018-04-23,9760000.0,315.0,,,,6700.0,,,,
2018-04-24,10505000.0,337.0,,,,7220.0,,,,
2018-04-25,9829000.0,297.0,,,,6400.0,,,,
2018-04-26,10130000.0,317.0,,,,6780.0,,,,
2018-04-27,9819000.0,314.0,,,,6600.0,,,,
2018-04-28,10043000.0,384.0,,,,6950.0,,,,
2018-04-29,10187000.0,391.0,,,,7715.0,,,,
2018-04-30,10138000.0,372.0,,,,7425.0,,,,
2018-05-01,9896000.0,385.0,,,,7870.0,,,,
2018-05-02,10032000.0,403.0,,,,8245.0,,,,
2018-05-03,10683000.0,403.0,,,,8410.0,,,,
2018-05-04,10645000.0,392.0,,,,8780.0,,,,
2018-05-05,10820000.0,400.0,,,,9025.0,,,,
2018-05-06,10684000.0,384.0,,,,8810.0,,,,
2018-05-07,10422000.0,368.0,,,,8505.0,,,,
2018-05-08,10233000.0,361.0,,,,8295.0,,,,
2018-05-09,10405000.0,355.0,,,,7970.0,,,,
2018-05-10,9976000.0,324.0,191.0,,,7285.0,,,,
2018-05-11,9256000.0,283.0,170.0,,,6205.0,,,,
2018-05-12,9481000.0,295.0,175.0,,,6715.0,,,,
2018-05-13,9803000.0,314.0,181.0,,,7265.0,,,,
2018-05-14,9797000.0,301.0,173.0,,,7135.0,,,,
2018-05-15,9500000.0,285.0,161.0,,,6585.0,,,,
2018-05-16,9297000.0,281.0,150.0,,,7020.0,,,,
2018-05-17,9090000.0,269.0,153.0,,,6370.0,,,,
2018-05-18,9165000.0,270.0,153.0,,,6680.0,,,,
2018-05-19,9112000.0,267.0,159.0,,,6415.0,,,,
2018-05-20,9370000.0,279.0,164.0,,,6430.0,,,,
2018-05-21,9345000.0,274.0,159.0,,,6380.0,,,,
2018-05-22,8940000.0,247.0,150.0,,,6445.0,,,,
2018-05-23,8483000.0,225.0,133.0,,,6060.0,,,,
2018-05-24,8415000.0,230.0,138.0,,,5890.0,,,,
2018-05-25,8317000.0,221.0,135.0,,,5495.0,,,,
2018-05-26,8162000.0,217.0,132.0,,,5400.0,,,,
2018-05-27,8182000.0,214.0,128.0,,,5130.0,,,,
2018-05-28,7903000.0,192.0,112.0,,,4560.0,,,,
2018-05-29,8299000.0,225.0,125.0,,,4965.0,,,,
2018-05-30,8207000.0,231.0,122.0,,,4895.0,,,,
2018-05-31,8282000.0,247.0,124.0,,,4890.0,,,,
2018-06-01,8282000.0,242.0,122.0,,,4880.0,,,,
2018-06-02,8339000.0,246.0,130.0,,,5000.0,,,,
2018-06-03,8419000.0,248.0,140.0,,,5085.0,,,,
2018-06-04,8248000.0,233.0,134.0,,,4785.0,,,,
2018-06-05,8360000.0,240.0,138.0,,,4955.0,,,,
2018-06-06,8359000.0,236.0,143.0,,,4845.0,,,,
2018-06-07,8375000.0,229.0,143.0,,,4820.0,,,,
2018-06-08,8341000.0,223.0,139.0,,,4660.0,,,,
2018-06-09,8233000.0,221.0,133.0,,,4550.0,,,,
2018-06-10,7576000.0,195.0,114.0,,,3875.0,,,,
2018-06-11,7635000.0,199.0,115.0,,,3885.0,,,,
2018-06-12,7350000.0,183.0,103.0,,,3870.0,,,,254.0
2018-06-13,7040000.0,177.0,93.9,,,3385.0,,,,212.0
2018-06-14,7355000.0,189.0,104.0,,,3670.0,,,,234.0
2018-06-15,7180000.0,181.0,96.5,,,3410.0,,,,223.0
2018-06-16,7277000.0,181.0,95.2,,,3430.0,,,,220.0
2018-06-17,7218000.0,179.0,94.8,,,3450.0,,,,215.0
2018-06-18,7461000.0,183.0,96.7,,,3490.0,,,,227.0
2018-06-19,7553000.0,186.0,101.0,,,3510.0,,,,222.0
2018-06-20,7538000.0,180.0,98.6,,,3345.0,,,,209.0
2018-06-21,7511000.0,177.0,95.1,,,3350.0,,,,200.0
2018-06-22,6962000.0,159.0,80.7,,,2935.0,,,,171.0
2018-06-23,7030000.0,156.0,77.6,,,2840.0,,,,162.0
2018-06-24,6992000.0,149.0,69.4,,,2660.0,,,,166.0
2018-06-25,7036000.0,151.0,74.3,,,2715.0,,,,176.0
2018-06-26,6900000.0,143.0,70.8,,,2620.0,,,,156.0
2018-06-27,6925000.0,143.0,72.1,,,2690.0,,,,163.0
2018-06-28,6682000.0,135.0,69.4,,,2445.0,,,,154.0
2018-06-29,6958000.0,140.0,73.0,,,2645.0,,,,175.0
2018-06-30,7164000.0,154.0,77.4,,,2965.0,,,,193.0
2018-07-01,7109000.0,158.0,76.8,,,2960.0,,,,192.0
2018-07-02,7297000.0,171.0,83.5,,,3075.0,,,,222.0
2018-07-03,7298000.0,168.0,88.1,,,3030.0,,,,220.0
2018-07-04,7329000.0,168.0,96.6,,,3080.0,,,,233.0
2018-07-05,7377000.0,166.0,95.3,,,2945.0,,,,222.0
2018-07-06,7480000.0,164.0,97.1,,,2950.0,,,,316.0
2018-07-07,7550000.0,164.0,93.2,,,2960.0,,,,281.0
2018-07-08,7516000.0,163.0,93.7,,,2900.0,,,,261.0
2018-07-09,7474000.0,157.0,88.1,,,2795.0,,,,242.0
2018-07-10,7140000.0,145.0,77.2,,,2600.0,,,,217.0
2018-07-11,7226000.0,149.0,77.8,,,2720.0,,,,224.0
2018-07-12,7090000.0,144.0,74.2,,,2585.0,,,,208.0
2018-07-13,7054000.0,156.0,75.5,,,2630.0,,,,209.0
2018-07-14,7109000.0,155.0,75.9,,,2655.0,,,,217.0
2018-07-15,7178000.0,159.0,78.1,,,2720.0,,,,219.0
2018-07-16,7454000.0,172.0,83.9,,,2905.0,,,,245.0
2018-07-17,8080000.0,189.0,91.1,,,3405.0,,,,288.0
2018-07-18,8302000.0,202.0,92.9,,,3475.0,,,,278.0
2018-07-19,8443000.0,205.0,90.8,,,3365.0,,,,261.0
2018-07-20,8351000.0,184.0,80.8,,,2985.0,,,,230.0
2018-07-21,8367000.0,185.0,83.7,,,3100.0,,,,237.0
2018-07-22,8349000.0,191.0,81.2,,,3100.0,,,,228.0
2018-07-23,8752000.0,185.0,79.2,,,3095.0,,,,214.0
2018-07-24,9452000.0,194.0,81.5,,,3090.0,,,,220.0
2018-07-25,9158000.0,192.0,86.0,,,3240.0,,,,225.0
2018-07-26,8950000.0,185.0,82.8,,,3100.0,,,,215.0
2018-07-27,9122000.0,185.0,82.9,,,3210.0,,,,219.0
2018-07-28,9225000.0,185.0,82.4,,,3310.0,,,,225.0
2018-07-29,9238000.0,184.0,81.2,,,3315.0,,,,220.0
2018-07-30,9270000.0,174.0,79.3,,,3215.0,,,,214.0
2018-07-31,8800000.0,161.0,72.7,,,2850.0,,,,191.0
2018-08-01,8726000.0,161.0,71.1,,,2750.0,,,,198.0
2018-08-02,8731000.0,152.0,66.1,,,2530.0,,,,186.0
2018-08-03,8508000.0,149.0,65.2,,,2430.0,,,,170.0
2018-08-04,8074000.0,145.0,62.5,,,2280.0,,,,157.0
2018-08-05,8077000.0,149.0,65.4,,,2355.0,,,,159.0
2018-08-06,7982000.0,150.0,59.1,,,2250.0,,,,153.0
2018-08-07,7760000.0,144.0,54.1,,,2220.0,,,,148.0
2018-08-08,7308000.0,131.0,45.1,,,1940.0,,,,121.0
2018-08-09,7543000.0,141.0,49.2,,,2065.0,,,,128.0
2018-08-10,7230000.0,135.0,45.7,,,1900.0,,,,117.0
2018-08-11,7325000.0,130.0,42.8,,,1815.0,,,,107.0
2018-08-12,7395000.0,131.0,42.0,,,1860.0,,,,105.0
2018-08-13,7387000.0,119.0,35.2,,,1685.0,,,,90.4
2018-08-14,7233000.0,109.0,31.4,,,1470.0,,,,79.1
2018-08-15,7332000.0,110.0,32.7,,,1500.0,,,,82.0
2018-08-16,7337000.0,109.0,34.6,,,1530.0,,,,91.5
2018-08-17,7496000.0,124.0,46.3,,,1810.0,,,,109.0
2018-08-18,7391000.0,114.0,41.3,,,1650.0,,,,95.5
2018-08-19,7431000.0,116.0,43.5,,,1725.0,,,,102.0
2018-08-20,7255000.0,106.0,38.9,,,1605.0,,,,92.8
2018-08-21,7375000.0,107.0,38.9,,,1630.0,,,,97.0
2018-08-22,7289000.0,102.0,38.6,,,1515.0,,,,92.9
2018-08-23,7439000.0,106.0,41.3,,,1585.0,,,,98.0
2018-08-24,7561000.0,106.0,43.5,,,1715.0,,,,105.0
2018-08-25,7604000.0,105.0,45.4,,,1725.0,,,,107.0
2018-08-26,7547000.0,105.0,46.8,,,1745.0,,,,117.0
2018-08-27,7688000.0,113.0,48.3,,,1875.0,,,,123.0
2018-08-28,7839000.0,117.0,52.9,,,1880.0,,,,125.0
2018-08-29,7825000.0,116.0,50.4,,,1780.0,,,,121.0
2018-08-30,7856000.0,113.0,49.9,,,1710.0,,,,148.0
2018-08-31,7865000.0,114.0,49.6,,,1765.0,,,,141.0
2018-09-01,8001000.0,119.0,52.1,,,1935.0,,,,142.0
2018-09-02,8113000.0,116.0,50.5,,,1910.0,,,,136.0
2018-09-03,8125000.0,116.0,50.0,,,2000.0,,,,130.0
2018-09-04,8271000.0,118.0,51.2,,,2230.0,,,,130.0
2018-09-05,7699000.0,99.9,41.3,,,1800.0,,,,101.0
2018-09-06,7523000.0,101.0,43.9,,,1845.0,,,,102.0
2018-09-07,7382000.0,95.6,41.5,,,1725.0,,,,100.0
2018-09-08,7206000.0,90.0,40.3,,,1625.0,,,,89.8
2018-09-09,7232000.0,87.9,40.1,,,1600.0,,,,87.9
2018-09-10,7274000.0,84.6,39.9,,,1660.0,,,,86.5
2018-09-11,7239000.0,80.5,37.9,,,1530.0,,,,80.3
2018-09-12,7234000.0,75.7,36.4,,,1525.0,,,,79.2
2018-09-13,7355000.0,78.9,38.8,,,1575.0,,,,95.4
2018-09-14,7359000.0,76.8,37.7,,,1625.0,,,,89.3
2018-09-15,7363000.0,77.9,38.1,,,1590.0,,,,91.4
2018-09-16,7356000.0,78.8,38.9,,,1575.0,,,,95.2
2018-09-17,7191000.0,72.7,36.4,,,1475.0,,,,87.5
2018-09-18,7234000.0,78.6,37.3,,,1520.0,,,,92.0
2018-09-19,7245000.0,81.7,37.1,,,1500.0,,,,90.4
2018-09-20,7311000.0,91.2,39.0,,,1560.0,,,,93.8
2018-09-21,7537000.0,97.8,41.5,,,1780.0,,,,102.0
2018-09-22,7540000.0,93.5,39.4,,,1690.0,,,,100.0
2018-09-23,7500000.0,100.0,40.3,,,1780.0,,,,100.0
2018-09-24,7430000.0,93.3,39.6,,,1810.0,,,,95.1
2018-09-25,7299000.0,91.5,38.4,,,1775.0,,,,96.9
2018-09-26,7300000.0,89.1,38.6,,,1750.0,,,,97.5
2018-09-27,7447000.0,95.8,39.4,,,1775.0,,,,114.0
2018-09-28,7408000.0,93.3,39.4,,3095.0,1755.0,,,,109.0
2018-09-29,7360000.0,94.2,39.2,,2285.0,1805.0,,,,110.0
2018-09-30,7393000.0,94.8,39.5,,1845.0,1760.0,,,,117.0
2018-10-01,7375000.0,94.5,41.0,,1645.0,1765.0,,,,119.0
2018-10-02,7369000.0,92.9,43.2,,1560.0,1760.0,,,,117.0
2018-10-03,7386000.0,91.5,42.4,,1410.0,1680.0,,,,113.0
2018-10-04,7481000.0,92.5,41.9,,1445.0,1720.0,,,,117.0
2018-10-05,7503000.0,93.9,41.4,,1305.0,1760.0,,,,123.0
2018-10-06,7485000.0,92.6,41.1,,1255.0,1705.0,,,,128.0
2018-10-07,7482000.0,95.7,41.4,,1215.0,1695.0,,,,130.0
2018-10-08,7542000.0,98.3,41.8,,1220.0,1730.0,,,,131.0
2018-10-09,7527000.0,98.0,43.0,,1190.0,1705.0,,,,130.0
2018-10-10,7472000.0,96.3,42.9,,1150.0,1720.0,,,,153.0
2018-10-11,7187000.0,81.2,36.3,,1020.0,1500.0,,,,130.0
2018-10-12,7183000.0,83.6,36.8,,980.0,1525.0,,,,147.0
2018-10-13,7189000.0,83.7,37.6,,980.0,1550.0,,,,146.0
2018-10-14,7198000.0,81.4,37.5,,1330.0,1540.0,,,,141.0
2018-10-15,7413000.0,84.3,38.5,,1200.0,1630.0,,,,139.0
2018-10-16,7352000.0,84.7,38.3,,1185.0,1620.0,,,,143.0
2018-10-17,7327000.0,87.0,39.1,,1155.0,1615.0,,,,141.0
2018-10-18,7343000.0,85.0,38.1,,1165.0,1555.0,,,,139.0
2018-10-19,7291000.0,85.7,38.3,,1135.0,1555.0,,,,134.0
2018-10-20,7302000.0,86.2,38.7,,1130.0,1590.0,,,,137.0
2018-10-21,7311000.0,85.8,38.6,,1115.0,1605.0,,,,144.0
2018-10-22,7297000.0,85.7,38.9,,1105.0,1715.0,,,,144.0
2018-10-23,7270000.0,84.3,38.6,,1095.0,1710.0,,,,139.0
2018-10-24,7296000.0,83.7,39.0,,1080.0,1905.0,,,,137.0
2018-10-25,7272000.0,83.2,38.7,,1060.0,1925.0,,,,134.0
2018-10-26,7276000.0,83.0,41.0,,1035.0,1860.0,526.0,,,135.0
2018-10-27,7284000.0,82.2,39.7,,1040.0,1845.0,519.0,,,132.0
2018-10-28,7258000.0,82.1,40.3,,1030.0,1855.0,512.0,,,134.0
2018-10-29,7097000.0,78.6,37.8,,965.0,1685.0,473.0,,,124.0
2018-10-30,7140000.0,78.9,39.1,,970.0,1720.0,483.0,,,128.0
2018-10-31,7162000.0,79.3,39.3,,978.0,1705.0,486.0,,,131.0
2018-11-01,7186000.0,80.0,40.0,,1010.0,1760.0,490.0,,,132.0
2018-11-02,7179000.0,81.6,40.2,,1005.0,1830.0,483.0,,,131.0
2018-11-03,7150000.0,80.4,39.3,,983.0,1785.0,470.0,,,128.0
2018-11-04,7213000.0,86.1,40.6,,967.0,1755.0,460.0,,,127.0
2018-11-05,7198000.0,85.5,39.6,,930.0,1745.0,438.0,,,124.0
2018-11-06,7231000.0,90.8,40.2,,921.0,1715.0,453.0,,,125.0
2018-11-07,7310000.0,88.2,39.6,,938.0,1775.0,458.0,,,129.0
2018-11-08,7282000.0,86.3,39.7,,913.0,1725.0,456.0,,,126.0
2018-11-09,7243000.0,84.3,39.2,,909.0,1660.0,442.0,,,125.0
2018-11-10,7237000.0,84.8,39.0,,899.0,1675.0,443.0,,,127.0
2018-11-11,7253000.0,86.6,38.3,,858.0,1630.0,433.0,,,125.0
2018-11-12,7249000.0,86.4,38.0,,833.0,1585.0,427.0,,,130.0
2018-11-13,7248000.0,84.0,38.0,,815.0,1565.0,406.0,,,121.0
2018-11-14,6782000.0,76.2,34.3,,708.0,1335.0,358.0,,,109.0
2018-11-15,6529000.0,73.0,31.8,,645.0,1245.0,334.0,,,103.0
2018-11-16,6425000.0,70.1,30.3,,620.0,1185.0,322.0,,,95.6
2018-11-17,6385000.0,69.4,30.6,,599.0,1260.0,309.0,,,91.9
2018-11-18,6431000.0,70.6,30.3,,598.0,1235.0,310.0,,,94.8
2018-11-19,5618000.0,60.3,24.2,,496.0,999.0,250.0,,,76.6
2018-11-20,5177000.0,52.1,20.4,,399.0,931.0,209.0,,,66.5
2018-11-21,5274000.0,54.2,20.9,,405.0,950.0,221.0,,,67.2
2018-11-22,4965000.0,50.3,19.5,,391.0,866.0,220.0,,,61.3
2018-11-23,5013000.0,50.3,19.2,,363.0,934.0,220.0,,,60.6
2018-11-24,4492000.0,44.6,16.9,,355.0,807.0,196.0,,,52.6
2018-11-25,4616000.0,43.3,16.9,,330.0,824.0,186.0,,,54.1
2018-11-26,4371000.0,41.3,16.2,,323.0,761.0,179.0,,,54.7
2018-11-27,4380000.0,41.7,21.3,,339.0,774.0,183.0,,,55.7
2018-11-28,4800000.0,47.4,22.4,,464.0,912.0,213.0,,,66.6
2018-11-29,4840000.0,47.3,21.8,,430.0,888.0,217.0,,,63.6
2018-11-30,4565000.0,44.0,19.9,,367.0,879.0,201.0,,,57.8
2018-12-01,4721000.0,46.6,20.5,,378.0,876.0,232.0,,,62.5
2018-12-02,4685000.0,47.2,20.0,,432.0,906.0,223.0,,,64.7
2018-12-03,4387000.0,43.5,18.5,,385.0,851.0,202.0,,,58.2
2018-12-04,4457000.0,42.3,18.8,,420.0,1010.0,204.0,,,59.2
2018-12-05,4262000.0,38.9,17.5,,396.0,892.0,185.0,,,54.5
2018-12-06,3965000.0,34.8,15.2,,344.0,720.0,155.0,,,45.9
2018-12-07,3868000.0,33.8,15.5,,332.0,720.0,149.0,,,52.5
2018-12-08,3875000.0,34.4,15.2,,326.0,714.0,150.0,,,52.6
2018-12-09,4013000.0,35.2,15.9,,331.0,750.0,155.0,,,53.5
2018-12-10,3895000.0,33.7,15.2,,342.0,732.0,150.0,,,56.8
2018-12-11,3822000.0,33.1,15.2,,308.0,726.0,149.0,,,49.9
2018-12-12,3888000.0,34.2,15.7,,315.0,734.0,147.0,,,49.2
2018-12-13,3721000.0,32.8,14.8,,294.0,687.0,137.0,,,45.0
2018-12-14,3642000.0,32.0,14.4,,278.0,626.0,130.0,,,41.9
2018-12-15,3619000.0,31.7,14.3,,260.0,700.0,139.0,,,44.9
2018-12-16,3637000.0,32.7,14.6,,264.0,703.0,136.0,,,43.8
2018-12-17,3923000.0,36.1,15.8,,293.0,792.0,143.0,,,47.2
2018-12-18,4088000.0,38.4,17.5,,303.0,1010.0,152.0,,,48.1
2018-12-19,4124000.0,38.0,17.1,,314.0,1185.0,160.0,,,48.0
2018-12-20,4552000.0,43.4,19.0,,331.0,1670.0,202.0,,,54.3
2018-12-21,4333000.0,45.5,19.5,,303.0,1380.0,174.0,,,50.8
2018-12-22,4464000.0,46.8,20.6,,311.0,1585.0,180.0,,,55.1
2018-12-23,4439000.0,49.2,22.3,,315.0,1620.0,185.0,,,56.1
2018-12-24,4539000.0,50.9,22.7,,324.0,1855.0,191.0,,,57.9
2018-12-25,4243000.0,46.4,20.1,,290.0,1585.0,170.0,,,50.3
2018-12-26,4293000.0,46.0,20.8,,295.0,1520.0,181.0,,,51.4
2018-12-27,4124000.0,41.6,19.1,,266.0,1450.0,161.0,,,46.4
2018-12-28,4338000.0,46.4,22.2,,280.0,1500.0,179.0,,,51.1
2018-12-29,4200000.0,45.8,23.4,,272.0,1345.0,183.0,,,48.5
2018-12-30,4291000.0,48.1,23.2,,273.0,1335.0,180.0,,,49.3
2018-12-31,4200000.0,46.1,21.9,,270.0,1200.0,172.0,,,50.3
2019-01-01,4288000.0,47.3,23.0,,330.0,1285.0,177.0,,,50.7
2019-01-02,4347000.0,50.0,23.1,,403.0,1290.0,185.0,,,55.1
2019-01-03,4284000.0,47.7,22.4,,400.0,1230.0,176.0,,,54.7
2019-01-04,4303000.0,48.9,23.1,,381.0,1215.0,176.0,,,54.2
2019-01-05,4294000.0,50.1,22.9,,379.0,1210.0,177.0,,,54.0
2019-01-06,4520000.0,54.6,24.0,,369.0,1220.0,190.0,,,55.1
2019-01-07,4499000.0,53.7,25.0,,387.0,1245.0,181.0,,,56.4
2019-01-08,4480000.0,54.2,26.5,,371.0,1290.0,182.0,,,55.2
2019-01-09,4458000.0,57.9,26.8,,393.0,1250.0,182.0,,,55.0
2019-01-10,4087000.0,49.6,22.9,,319.0,1025.0,155.0,,,47.0
2019-01-11,4101000.0,49.3,22.7,,307.0,1015.0,159.0,,,48.4
2019-01-12,4098000.0,49.1,22.9,,310.0,1010.0,161.0,,,48.2
2019-01-13,3963000.0,45.0,20.7,,284.0,923.0,145.0,,,45.2
2019-01-14,4098000.0,49.1,22.9,,294.0,1020.0,152.0,,,48.9
2019-01-15,4034000.0,47.8,24.6,,292.0,1145.0,150.0,,,47.3
2019-01-16,4052000.0,49.9,25.9,,321.0,1255.0,152.0,,,50.6
2019-01-17,4075000.0,50.4,25.3,,352.0,1185.0,159.0,,,51.6
2019-01-18,4046000.0,49.3,24.6,,330.0,1100.0,154.0,,,49.7
2019-01-19,4115000.0,50.7,24.9,,338.0,1160.0,161.0,,,53.1
2019-01-20,3984000.0,48.4,24.0,,315.0,1095.0,151.0,,,49.1
2019-01-21,3973000.0,47.9,23.5,,321.0,1090.0,151.0,,,49.1
2019-01-22,4013000.0,48.7,25.6,,328.0,1125.0,151.0,,,49.6
2019-01-23,3996000.0,48.2,24.6,,375.0,1135.0,152.0,,,50.5
2019-01-24,3983000.0,47.7,24.5,,352.0,1090.0,155.0,,,51.9
2019-01-25,3957000.0,47.0,24.1,,333.0,1065.0,150.0,,,49.9
2019-01-26,3963000.0,47.1,24.6,,332.0,1065.0,151.0,,,49.5
2019-01-27,3951000.0,45.5,25.5,,329.0,1000.0,147.0,,,47.7
2019-01-28,3828000.0,42.9,23.3,,306.0,920.0,132.0,,,43.3
2019-01-29,3795000.0,42.2,22.9,,311.0,896.0,131.0,,,43.0
2019-01-30,3810000.0,43.5,22.4,,315.0,914.0,132.0,,,45.2
2019-01-31,3775000.0,42.1,20.2,,293.0,831.0,125.0,,,41.8
2019-02-01,3816000.0,42.4,20.1,,292.0,849.0,129.0,,,42.2
2019-02-02,3855000.0,43.3,20.1,,306.0,910.0,130.0,,,42.8
2019-02-03,3821000.0,42.1,19.4,,299.0,877.0,127.0,,,43.2
2019-02-04,3822000.0,42.1,19.6,,299.0,862.0,126.0,,,46.0
2019-02-05,3835000.0,42.0,19.4,,298.0,869.0,127.0,,,44.0
2019-02-06,3791000.0,40.7,18.4,,313.0,820.0,129.0,,,43.4
2019-02-07,3783000.0,40.6,18.7,,317.0,840.0,133.0,,,44.5
2019-02-08,4009000.0,44.6,19.4,,325.0,900.0,141.0,,,45.9
2019-02-09,3998000.0,45.0,19.0,,327.0,882.0,140.0,,,45.6
2019-02-10,4023000.0,46.8,19.1,,333.0,899.0,158.0,,,46.5
2019-02-11,3986000.0,45.6,18.7,,328.0,898.0,150.0,,,44.9
2019-02-12,3981000.0,45.7,18.8,,327.0,916.0,147.0,,,44.2
2019-02-13,3983000.0,45.5,18.7,,336.0,920.0,144.0,,,44.3
2019-02-14,3984000.0,44.8,18.6,,326.0,966.0,144.0,,,44.3
2019-02-15,3986000.0,44.8,18.7,,863.0,943.0,145.0,,,44.9
2019-02-16,4002000.0,45.3,19.1,,957.0,923.0,165.0,,,46.7
2019-02-17,4040000.0,46.0,19.3,,871.0,964.0,159.0,,,47.6
2019-02-18,4236000.0,49.5,19.8,,766.0,970.0,168.0,,,49.2
2019-02-19,4259000.0,50.2,20.4,,843.0,984.0,161.0,,,51.6
2019-02-20,4315000.0,51.5,20.5,,862.0,1010.0,164.0,,,51.4
2019-02-21,4328000.0,49.6,20.1,,813.0,1030.0,160.0,115.0,,51.7
2019-02-22,4346000.0,50.2,20.1,,809.0,1020.0,174.0,106.0,,51.6
2019-02-23,4479000.0,52.7,20.7,,829.0,1030.0,174.0,120.0,,54.8
2019-02-24,4178000.0,46.6,18.7,,716.0,908.0,156.0,107.0,,49.5
2019-02-25,4255000.0,48.5,19.2,,719.0,943.0,165.0,108.0,,58.7
2019-02-26,4228000.0,47.7,19.7,,701.0,972.0,179.0,102.0,,58.7
2019-02-27,4259000.0,48.0,19.3,,674.0,954.0,174.0,95.6,,57.2
2019-02-28,4240000.0,47.7,19.0,,640.0,964.0,172.0,88.7,,58.7
2019-03-01,4248000.0,47.8,19.1,,638.0,974.0,227.0,83.0,,58.8
2019-03-02,4253000.0,47.4,19.0,,634.0,971.0,205.0,78.2,,61.5
2019-03-03,4239000.0,47.0,18.7,,614.0,962.0,192.0,78.7,,64.1
2019-03-04,4155000.0,45.0,18.2,,570.0,942.0,182.0,71.0,,65.0
2019-03-05,4249000.0,47.3,18.5,,594.0,939.0,186.0,70.9,,67.0
2019-03-06,4260000.0,46.9,18.4,,581.0,935.0,188.0,69.8,,65.2
2019-03-07,4289000.0,47.3,18.8,,590.0,937.0,197.0,68.1,,65.8
2019-03-08,4310000.0,47.3,19.2,,590.0,926.0,294.0,69.3,,62.3
2019-03-09,4352000.0,51.5,20.1,,593.0,953.0,394.0,71.6,,65.0
2019-03-10,4336000.0,50.4,19.7,,572.0,992.0,337.0,69.4,,67.5
2019-03-11,4337000.0,53.2,19.5,,552.0,1015.0,289.0,68.1,,73.7
2019-03-12,4326000.0,52.5,19.8,,570.0,1050.0,293.0,70.3,,72.3
2019-03-13,4325000.0,51.8,20.6,,821.0,1020.0,278.0,70.4,,72.6
2019-03-14,4337000.0,53.3,20.3,,696.0,1065.0,264.0,69.6,,73.2
2019-03-15,4359000.0,55.2,20.4,,715.0,1075.0,283.0,71.1,,75.5
2019-03-16,4445000.0,56.6,20.3,,698.0,1065.0,273.0,76.9,,73.6
2019-03-17,4425000.0,55.4,20.0,,718.0,1070.0,270.0,75.4,,75.2
2019-03-18,4458000.0,55.9,20.2,,699.0,1050.0,282.0,73.5,,74.2
2019-03-19,4486000.0,58.1,20.5,,686.0,1040.0,290.0,83.1,,75.5
2019-03-20,4533000.0,59.9,21.6,,736.0,1070.0,292.0,77.9,,77.6
2019-03-21,4491000.0,58.9,20.7,,707.0,1010.0,299.0,81.0,,81.6
2019-03-22,4490000.0,65.0,21.6,,726.0,1015.0,299.0,80.9,,81.3
2019-03-23,4507000.0,71.2,22.1,,715.0,1020.0,295.0,80.1,,80.9
2019-03-24,4525000.0,69.6,22.9,,711.0,1045.0,289.0,81.9,,80.1
2019-03-25,4487000.0,66.8,21.4,,681.0,1035.0,281.0,73.9,,78.4
2019-03-26,4493000.0,70.2,21.1,,670.0,1050.0,292.0,72.8,,76.8
2019-03-27,4548000.0,75.3,21.5,,685.0,1105.0,297.0,74.5,,78.3
2019-03-28,4550000.0,74.2,21.9,,686.0,1105.0,302.0,72.9,,82.7
2019-03-29,4641000.0,80.1,21.6,,679.0,1110.0,321.0,72.5,,81.7
2019-03-30,4636000.0,81.2,22.1,,667.0,1095.0,316.0,69.8,,79.1
2019-03-31,4661000.0,79.4,23.1,,685.0,1130.0,320.0,70.7,,86.6
2019-04-01,4711000.0,81.9,23.3,,676.0,1160.0,323.0,70.3,,86.2
2019-04-02,5411000.0,95.0,25.0,,702.0,1200.0,329.0,71.2,,90.5
2019-04-03,5594000.0,102.0,25.0,,697.0,1260.0,317.0,69.4,,87.4
2019-04-04,5571000.0,98.8,25.7,,730.0,1250.0,327.0,72.2,,88.5
2019-04-05,5685000.0,103.0,28.3,,752.0,1320.0,325.0,72.5,,90.0
2019-04-06,5793000.0,103.0,28.8,,745.0,1310.0,324.0,70.6,,89.6
2019-04-07,5910000.0,102.0,28.3,,735.0,1370.0,331.0,70.6,,93.0
2019-04-08,6091000.0,100.0,27.6,,722.0,1510.0,323.0,70.7,,89.4
2019-04-09,6000000.0,96.6,26.2,,696.0,1440.0,318.0,70.0,,85.9
2019-04-10,6166000.0,104.0,26.4,,692.0,1425.0,319.0,70.0,,87.6
2019-04-11,5860000.0,96.5,23.5,,616.0,1335.0,321.0,65.7,,78.7
2019-04-12,5897000.0,96.4,24.1,,613.0,1325.0,319.0,63.9,,82.8
2019-04-13,5889000.0,97.0,23.7,,619.0,1295.0,313.0,67.2,,79.8
2019-04-14,5958000.0,97.6,24.5,,638.0,1305.0,322.0,69.3,,82.7
2019-04-15,5860000.0,95.3,24.0,,618.0,1230.0,304.0,64.8,,77.8
2019-04-16,6024000.0,96.4,24.5,,632.0,1260.0,307.0,66.3,,79.1
2019-04-17,6004000.0,95.2,24.7,,674.0,1265.0,305.0,65.7,,79.2
2019-04-18,6070000.0,94.0,25.4,,680.0,1285.0,310.0,67.3,,82.6
2019-04-19,6087000.0,91.3,25.7,,679.0,1300.0,310.0,67.7,,85.6
2019-04-20,6141000.0,88.1,25.2,,677.0,1295.0,347.0,68.8,,83.7
2019-04-21,6145000.0,85.7,24.4,,636.0,1225.0,329.0,68.5,,80.5
2019-04-22,6237000.0,90.9,24.3,,635.0,1215.0,319.0,68.6,,80.5
2019-04-23,6450000.0,86.2,23.2,,614.0,1140.0,308.0,66.1,,76.9
2019-04-24,6415000.0,85.3,22.2,,557.0,1090.0,283.0,64.4,,71.8
2019-04-25,6120000.0,81.9,20.6,,516.0,1020.0,271.0,60.2,,65.4
2019-04-26,6137000.0,80.7,19.9,,502.0,990.0,261.0,61.7,,65.1
2019-04-27,6114000.0,81.4,20.7,,510.0,1035.0,264.0,65.1,,70.9
2019-04-28,6138000.0,79.9,20.2,,512.0,994.0,272.0,63.4,,73.1
2019-04-29,6029000.0,75.1,19.1,,471.0,923.0,249.0,60.9,,67.1
2019-04-30,6117000.0,80.6,19.9,,484.0,979.0,260.0,62.0,,71.4
2019-05-01,6192000.0,79.3,19.9,,487.0,961.0,257.0,61.1,,70.6
2019-05-02,6327000.0,79.0,19.8,,495.0,953.0,257.0,60.8,,70.4
2019-05-03,6596000.0,80.0,19.5,6135.0,495.0,965.0,257.0,61.2,,71.9
2019-05-04,6719000.0,77.1,18.5,6085.0,483.0,932.0,256.0,63.6,,69.8
2019-05-05,6704000.0,76.7,18.3,5645.0,478.0,932.0,258.0,61.6,,70.1
2019-05-06,6620000.0,77.1,18.9,5500.0,481.0,936.0,263.0,61.7,,74.0
2019-05-07,6753000.0,74.2,18.1,5300.0,467.0,908.0,250.0,59.9,,70.0
2019-05-08,6959000.0,75.2,18.7,5075.0,457.0,904.0,249.0,58.8,,66.2
2019-05-09,7273000.0,72.5,17.8,4600.0,420.0,879.0,236.0,55.8,,63.0
2019-05-10,7495000.0,74.5,18.3,4510.0,447.0,933.0,245.0,56.4,,67.7
2019-05-11,8368000.0,87.5,19.1,4635.0,465.0,1005.0,257.0,56.0,,72.2
2019-05-12,8170000.0,82.4,18.8,4365.0,436.0,939.0,248.0,55.2,,66.5
2019-05-13,9230000.0,86.1,19.4,4650.0,442.0,954.0,251.0,55.9,,67.7
2019-05-14,9499000.0,101.0,21.6,4770.0,481.0,1055.0,294.0,61.7,,72.0
2019-05-15,9606000.0,111.0,24.0,5370.0,516.0,1150.0,323.0,64.9,,83.5
2019-05-16,9465000.0,106.0,23.0,5100.0,506.0,1095.0,311.0,62.2,,87.0
2019-05-17,8891000.0,101.0,21.2,5330.0,467.0,1105.0,302.0,58.1,,85.8
2019-05-18,8823000.0,95.9,21.0,5720.0,481.0,1055.0,293.0,64.2,,85.5
2019-05-19,9712000.0,103.0,21.4,5790.0,486.0,1070.0,306.0,68.6,,83.0
2019-05-20,9581000.0,103.0,21.2,5680.0,516.0,1060.0,322.0,74.9,,81.5
2019-05-21,9509000.0,102.0,25.1,5720.0,524.0,1120.0,325.0,72.4,,85.5
2019-05-22,9309000.0,94.6,26.4,5275.0,526.0,1095.0,322.0,65.0,,85.3
2019-05-23,9491000.0,97.0,25.7,5220.0,538.0,1180.0,344.0,64.2,,88.9
2019-05-24,9580000.0,97.0,25.1,5395.0,532.0,1155.0,342.0,63.4,,88.8
2019-05-25,9594000.0,95.9,25.7,5280.0,563.0,1290.0,340.0,66.9,,88.8
2019-05-26,10299000.0,101.0,24.9,5375.0,560.0,1220.0,333.0,63.8,,87.4
2019-05-27,10376000.0,107.0,25.5,5520.0,574.0,1220.0,340.0,64.6,,90.5
2019-05-28,10333000.0,109.0,27.5,5655.0,567.0,1215.0,343.0,66.1,,93.5
2019-05-29,10325000.0,109.0,26.4,5590.0,592.0,1230.0,340.0,65.1,,96.8
2019-05-30,10120000.0,102.0,25.0,7320.0,549.0,1155.0,321.0,61.7,,92.6
2019-05-31,10383000.0,108.0,25.9,7030.0,554.0,1205.0,327.0,62.4,,95.1
2019-06-01,10350000.0,110.0,25.3,7000.0,529.0,1195.0,319.0,61.2,,91.2
2019-06-02,10505000.0,116.0,26.5,7685.0,543.0,1220.0,332.0,62.5,,95.6
2019-06-03,9999000.0,107.0,25.6,8010.0,509.0,1145.0,310.0,60.8,,93.2
2019-06-04,9486000.0,102.0,27.2,7335.0,480.0,1070.0,304.0,60.4,,94.4
2019-06-05,9583000.0,101.0,26.3,7555.0,481.0,1065.0,302.0,61.4,,93.8
2019-06-06,9495000.0,100.0,28.2,7300.0,500.0,1075.0,310.0,62.0,,90.1
2019-06-07,9749000.0,104.0,31.3,7650.0,517.0,1110.0,318.0,64.1,,96.8
2019-06-08,9733000.0,103.0,30.1,7530.0,540.0,1130.0,324.0,75.4,,103.0
2019-06-09,9474000.0,98.1,27.9,7265.0,516.0,1130.0,315.0,65.8,,94.5
2019-06-10,9731000.0,104.0,29.5,7425.0,530.0,1180.0,329.0,67.1,,101.0
2019-06-11,9587000.0,107.0,29.8,7245.0,548.0,1155.0,340.0,66.8,,104.0
2019-06-12,9803000.0,116.0,28.7,7370.0,537.0,1135.0,333.0,66.7,,106.0
2019-06-13,9935000.0,109.0,27.5,7555.0,529.0,1130.0,322.0,66.0,,103.0
2019-06-14,10462000.0,109.0,27.6,7540.0,514.0,1110.0,315.0,64.5,,98.6
2019-06-15,10528000.0,110.0,27.3,7405.0,513.0,1085.0,317.0,63.1,,96.5
2019-06-16,10710000.0,110.0,29.6,7965.0,515.0,1260.0,320.0,63.0,,95.1
2019-06-17,11055000.0,111.0,30.1,8265.0,516.0,1175.0,322.0,63.6,,95.0
2019-06-18,10902000.0,106.0,27.7,7895.0,513.0,1155.0,314.0,64.1,,94.7
2019-06-19,11063000.0,108.0,27.0,7915.0,539.0,1165.0,324.0,67.0,,96.8
2019-06-20,11349000.0,105.0,25.5,7755.0,524.0,1115.0,309.0,63.3,,91.7
2019-06-21,11994000.0,106.0,23.6,7670.0,510.0,1090.0,295.0,62.7,,87.6
2019-06-22,12398000.0,110.0,23.8,7805.0,513.0,1125.0,298.0,60.1,,85.6
2019-06-23,12681000.0,113.0,23.8,7960.0,510.0,1125.0,313.0,60.5,,85.3
2019-06-24,12891000.0,115.0,23.8,7760.0,510.0,1135.0,323.0,61.1,,86.7
2019-06-25,13941000.0,114.0,24.0,7775.0,525.0,1175.0,321.0,61.5,,86.8
2019-06-26,15854000.0,119.0,22.9,7685.0,513.0,1150.0,324.0,59.9,,82.0
2019-06-27,14028000.0,106.0,20.4,6870.0,457.0,1035.0,298.0,55.6,,76.8
2019-06-28,15307000.0,109.0,20.9,7280.0,477.0,1080.0,324.0,61.9,,78.8
2019-06-29,14576000.0,111.0,21.8,7420.0,482.0,1110.0,326.0,62.3,,80.9
2019-06-30,13598000.0,103.0,20.7,6810.0,470.0,1060.0,311.0,60.9,,77.5
2019-07-01,13026000.0,103.0,21.3,6710.0,468.0,1055.0,309.0,61.8,,81.2
2019-07-02,13205000.0,98.0,20.1,6480.0,443.0,997.0,296.0,61.1,,77.3
2019-07-03,14419000.0,99.5,19.8,6725.0,443.0,983.0,292.0,61.6,,80.1
2019-07-04,13535000.0,94.1,19.0,6605.0,425.0,1025.0,285.0,59.0,,79.0
2019-07-05,13367000.0,92.6,19.0,6490.0,426.0,994.0,287.0,60.6,,75.6
2019-07-06,13607000.0,93.6,20.3,6430.0,430.0,998.0,290.0,62.9,,75.5
2019-07-07,13652000.0,95.4,20.6,6440.0,435.0,1030.0,296.0,67.0,,75.4
2019-07-08,14570000.0,95.3,20.0,6170.0,424.0,990.0,294.0,69.0,,72.4
2019-07-09,14940000.0,92.6,20.1,5945.0,412.0,960.0,292.0,63.9,,70.6
2019-07-10,14595000.0,86.8,19.0,5385.0,379.0,894.0,277.0,58.2,,64.8
2019-07-11,13770000.0,78.9,16.9,5295.0,332.0,794.0,256.0,54.5,,57.4
2019-07-12,14199000.0,83.7,17.5,5455.0,379.0,837.0,268.0,55.5,,61.9
2019-07-13,13810000.0,81.1,17.2,5190.0,351.0,830.0,261.0,54.8,,61.9
2019-07-14,12425000.0,72.4,15.0,4680.0,303.0,724.0,227.0,46.0,,53.3
2019-07-15,13166000.0,71.8,14.9,5010.0,301.0,728.0,230.0,45.8,,55.8
2019-07-16,11448000.0,63.0,12.6,4420.0,255.0,600.0,193.0,35.8,,45.7
2019-07-17,11648000.0,66.4,12.6,4595.0,268.0,631.0,200.0,36.7,,47.7
2019-07-18,12659000.0,69.5,13.2,4850.0,285.0,664.0,210.0,39.1,,50.9
2019-07-19,12549000.0,71.1,13.4,4695.0,297.0,683.0,220.0,40.5,,52.7
2019-07-20,12780000.0,74.7,13.8,4815.0,300.0,698.0,228.0,41.2,,56.5
2019-07-21,12565000.0,72.7,13.6,5015.0,289.0,678.0,224.0,39.4,,54.3
2019-07-22,12310000.0,70.8,14.1,4770.0,299.0,697.0,221.0,40.7,,54.3
2019-07-23,11797000.0,66.7,13.0,4445.0,303.0,669.0,215.0,39.2,,53.5
2019-07-24,11611000.0,70.1,13.0,4615.0,292.0,658.0,216.0,41.3,,51.5
2019-07-25,11743000.0,69.6,13.1,4525.0,290.0,711.0,221.0,42.1,,52.2
2019-07-26,11680000.0,74.3,13.1,4630.0,292.0,716.0,230.0,42.0,,53.5
2019-07-27,11310000.0,71.6,12.2,4350.0,277.0,655.0,216.0,38.5,,49.4
2019-07-28,11310000.0,70.1,12.2,4320.0,274.0,652.0,224.0,37.7,,48.8
2019-07-29,11280000.0,71.5,12.1,4280.0,285.0,644.0,254.0,40.7,,48.8
2019-07-30,11323000.0,70.7,12.7,4270.0,290.0,642.0,238.0,39.8,,48.0
2019-07-31,11957000.0,71.4,12.9,4325.0,291.0,644.0,229.0,40.1,,47.4
2019-08-01,12317000.0,69.5,12.2,4195.0,279.0,619.0,220.0,39.7,,45.0
2019-08-02,12563000.0,68.4,12.3,4350.0,279.0,646.0,222.0,38.6,,45.4
2019-08-03,12773000.0,68.1,12.1,4385.0,292.0,651.0,219.0,37.7,,44.1
2019-08-04,12958000.0,66.4,12.0,4270.0,285.0,630.0,219.0,36.9,,43.8
2019-08-05,14181000.0,67.7,11.8,4500.0,283.0,623.0,221.0,34.8,,44.7
2019-08-06,13782000.0,64.3,11.1,4300.0,264.0,581.0,207.0,32.3,,42.6
2019-08-07,14219000.0,61.7,10.8,4175.0,266.0,542.0,205.0,31.5,,40.4
2019-08-08,14241000.0,62.2,10.1,3910.0,257.0,563.0,204.0,31.8,,39.4
2019-08-09,14248000.0,57.4,9.54,3775.0,247.0,517.0,192.0,29.0,,39.0
2019-08-10,13699000.0,62.9,10.2,4040.0,249.0,522.0,195.0,30.2,,41.4
2019-08-11,13876000.0,66.0,10.7,4260.0,255.0,533.0,207.0,30.9,,42.9
2019-08-12,13696000.0,63.8,10.7,4025.0,249.0,512.0,200.0,30.2,,42.3
2019-08-13,13147000.0,63.3,10.7,3915.0,245.0,502.0,194.0,28.6,,40.8
2019-08-14,12202000.0,57.2,9.27,3475.0,219.0,441.0,179.0,25.3,,37.0
2019-08-15,12619000.0,58.0,9.15,3560.0,221.0,442.0,182.0,24.5,,36.4
2019-08-16,12575000.0,56.9,8.89,3500.0,213.0,430.0,183.0,23.7,,36.2
2019-08-17,12424000.0,57.5,9.38,3540.0,214.0,436.0,183.0,23.1,,38.1
2019-08-18,12509000.0,61.2,9.51,3590.0,219.0,456.0,191.0,23.1,,37.9
2019-08-19,13165000.0,60.5,9.36,3505.0,227.0,462.0,191.0,23.2,,38.5
2019-08-20,12952000.0,59.2,9.04,3455.0,220.0,460.0,218.0,22.7,,38.1
2019-08-21,12293000.0,57.3,8.62,3215.0,209.0,469.0,210.0,21.1,,38.3
2019-08-22,12210000.0,59.4,9.0,3260.0,213.0,481.0,215.0,22.0,,38.8
2019-08-23,12443000.0,59.6,9.08,3265.0,218.0,495.0,228.0,24.5,,40.8
2019-08-24,12201000.0,60.4,10.4,3245.0,233.0,510.0,222.0,24.7,,43.5
2019-08-25,12218000.0,59.8,9.54,3165.0,234.0,485.0,228.0,23.8,,40.0
2019-08-26,12421000.0,59.4,10.0,3150.0,231.0,488.0,222.0,24.1,,39.8
2019-08-27,12208000.0,59.8,9.55,3080.0,221.0,482.0,223.0,23.9,,38.6
2019-08-28,11787000.0,55.5,8.74,2815.0,210.0,522.0,197.0,22.0,,34.5
2019-08-29,11525000.0,54.1,8.51,2630.0,205.0,471.0,189.0,22.8,,33.4
2019-08-30,11632000.0,54.3,8.5,2615.0,209.0,482.0,195.0,24.0,,34.0
2019-08-31,11612000.0,54.2,8.45,2455.0,209.0,481.0,196.0,23.3,,34.2
2019-09-01,11768000.0,53.6,8.53,2570.0,217.0,461.0,191.0,23.8,,34.2
2019-09-02,12435000.0,54.3,8.57,2560.0,217.0,470.0,194.0,23.8,,34.3
2019-09-03,12703000.0,55.9,8.59,2570.0,215.0,467.0,192.0,24.9,,35.3
2019-09-04,12641000.0,54.3,8.45,2430.0,207.0,451.0,189.0,27.5,,34.9
2019-09-05,12644000.0,53.3,8.14,2325.0,210.0,465.0,215.0,26.5,,34.1
2019-09-06,12341000.0,53.1,7.84,2445.0,208.0,447.0,219.0,25.9,,33.5
2019-09-07,12473000.0,54.8,8.09,2570.0,211.0,458.0,218.0,25.7,,35.1
2019-09-08,12370000.0,55.7,8.18,3235.0,212.0,470.0,218.0,25.6,,34.5
2019-09-09,12278000.0,55.8,8.36,3275.0,208.0,445.0,212.0,26.5,,34.5
2019-09-10,12078000.0,55.6,8.1,3090.0,209.0,435.0,223.0,24.4,,31.0
2019-09-11,12162000.0,53.9,8.11,3090.0,207.0,409.0,240.0,24.2,,30.0
2019-09-12,12427000.0,54.1,8.03,3660.0,209.0,408.0,237.0,25.2,,29.0
2019-09-13,12306000.0,54.3,8.05,3790.0,208.0,408.0,232.0,24.9,,28.0
2019-09-14,12253000.0,55.1,8.11,3675.0,207.0,410.0,262.0,24.8,,28.2
2019-09-15,12169000.0,55.1,8.16,4055.0,208.0,415.0,258.0,25.6,,28.8
2019-09-16,12133000.0,55.8,8.21,3960.0,208.0,407.0,250.0,24.4,,27.8
2019-09-17,12061000.0,57.8,8.45,3900.0,209.0,419.0,271.0,22.7,,27.1
2019-09-18,12050000.0,63.0,8.95,3915.0,217.0,435.0,281.0,23.3,,28.6
2019-09-19,12180000.0,62.3,8.63,3720.0,227.0,430.0,270.0,22.5,,28.0
2019-09-20,12074000.0,62.4,8.41,3790.0,220.0,453.0,267.0,21.6,,29.3
2019-09-21,11891000.0,61.7,8.22,3660.0,217.0,438.0,254.0,21.5,,28.3
2019-09-22,11936000.0,58.0,7.9,3445.0,210.0,419.0,242.0,21.1,,27.8
2019-09-23,11545000.0,55.1,7.56,3055.0,200.0,406.0,235.0,20.3,,28.8
2019-09-24,10194000.0,44.8,5.93,2645.0,155.0,325.0,194.0,17.0,,26.3
2019-09-25,10143000.0,47.0,6.02,2760.0,159.0,343.0,201.0,17.0,,35.6
2019-09-26,9700000.0,45.9,5.78,2675.0,149.0,331.0,206.0,15.6,,40.2
2019-09-27,9833000.0,47.2,6.0,2745.0,156.0,356.0,218.0,15.4,,38.4
2019-09-28,9874000.0,46.6,6.18,2740.0,157.0,354.0,223.0,16.2,,38.9
2019-09-29,9670000.0,44.8,6.03,2645.0,151.0,342.0,209.0,15.6,,35.1
2019-09-30,9945000.0,46.6,6.1,3180.0,157.0,352.0,229.0,16.1,,33.8
2019-10-01,9987000.0,46.1,6.14,3055.0,157.0,348.0,222.0,16.5,,33.4
2019-10-02,10077000.0,47.4,6.11,3125.0,169.0,379.0,224.0,16.2,,32.5
2019-10-03,9937000.0,46.3,6.33,3125.0,165.0,397.0,220.0,17.0,,34.0
2019-10-04,9755000.0,47.3,6.39,3070.0,161.0,415.0,229.0,17.3,,30.9
2019-10-05,9720000.0,47.4,6.47,3300.0,173.0,410.0,239.0,20.3,,30.7
2019-10-06,9443000.0,46.6,7.15,3185.0,173.0,389.0,220.0,18.0,,29.9
2019-10-07,9749000.0,49.2,6.82,3430.0,183.0,422.0,229.0,18.4,,30.5
2019-10-08,9728000.0,49.1,7.03,3440.0,186.0,427.0,237.0,19.4,,31.5
2019-10-09,10182000.0,50.4,7.26,3450.0,183.0,431.0,233.0,18.4,,31.0
2019-10-10,10167000.0,49.4,6.91,3445.0,190.0,424.0,233.0,17.2,,29.6
2019-10-11,9814000.0,47.7,7.09,3330.0,199.0,401.0,221.0,16.3,,28.7
2019-10-12,9867000.0,48.0,6.87,3350.0,187.0,401.0,230.0,16.7,,28.6
2019-10-13,9807000.0,49.0,6.73,3395.0,178.0,412.0,228.0,17.1,,27.8
2019-10-14,9871000.0,49.4,6.77,3655.0,174.0,440.0,232.0,16.6,,29.3
2019-10-15,9719000.0,47.2,6.58,3505.0,167.0,440.0,231.0,15.8,,27.3
2019-10-16,9525000.0,45.9,6.14,3390.0,161.0,407.0,217.0,15.4,,26.1
2019-10-17,9563000.0,46.6,6.35,3450.0,164.0,400.0,225.0,15.8,,27.8
2019-10-18,9434000.0,45.1,6.19,3270.0,159.0,380.0,219.0,15.5,,27.1
2019-10-19,9437000.0,46.2,6.14,3265.0,160.0,375.0,215.0,15.6,,27.3
2019-10-20,9710000.0,46.5,6.18,3440.0,157.0,367.0,214.0,15.9,,27.1
2019-10-21,9663000.0,46.1,6.29,3515.0,157.0,366.0,210.0,15.4,,27.6
2019-10-22,9470000.0,45.6,6.15,3390.0,156.0,366.0,198.0,15.0,,26.7
2019-10-23,8826000.0,42.9,5.62,3170.0,145.0,335.0,189.0,15.3,,23.8
2019-10-24,8743000.0,44.1,5.72,3330.0,150.0,335.0,193.0,16.6,,24.1
2019-10-25,10063000.0,47.9,6.07,3540.0,157.0,354.0,204.0,17.0,,24.9
2019-10-26,10730000.0,47.0,5.97,3595.0,164.0,351.0,200.0,16.0,,24.4
2019-10-27,10975000.0,48.7,6.57,3680.0,198.0,376.0,208.0,16.5,,25.3
2019-10-28,10736000.0,49.1,6.54,3625.0,185.0,375.0,211.0,17.3,,26.2
2019-10-29,10894000.0,50.3,6.52,3665.0,193.0,380.0,208.0,17.7,,26.5
2019-10-30,10682000.0,48.6,6.52,3520.0,190.0,365.0,201.0,16.7,,26.4
2019-10-31,10692000.0,48.4,6.58,3805.0,185.0,384.0,205.0,16.9,,27.4
2019-11-01,10805000.0,49.3,7.37,3800.0,183.0,384.0,207.0,17.3,,27.3
2019-11-02,10851000.0,49.5,7.1,3990.0,186.0,388.0,207.0,17.3,,27.3
2019-11-03,10765000.0,48.8,7.03,3975.0,186.0,384.0,207.0,17.2,,27.8
2019-11-04,10846000.0,49.9,7.03,4175.0,183.0,382.0,208.0,17.9,,27.7
2019-11-05,10752000.0,51.0,7.22,4340.0,179.0,382.0,209.0,17.3,,27.1
2019-11-06,10751000.0,51.6,7.36,4385.0,177.0,383.0,205.0,16.9,,26.9
2019-11-07,10668000.0,50.3,7.6,4485.0,173.0,373.0,204.0,16.4,,26.0
2019-11-08,10212000.0,49.0,6.99,4390.0,165.0,355.0,200.0,15.9,,25.1
2019-11-09,10248000.0,49.4,7.03,4605.0,170.0,370.0,202.0,16.2,,25.1
2019-11-10,10496000.0,50.9,6.98,4860.0,175.0,372.0,206.0,16.3,,25.6
2019-11-11,10168000.0,50.2,6.71,5055.0,169.0,357.0,210.0,15.9,,26.0
2019-11-12,10257000.0,50.8,6.78,4895.0,171.0,356.0,205.0,15.7,,25.6
2019-11-13,10211000.0,50.5,6.82,4655.0,175.0,356.0,217.0,15.6,,26.3
2019-11-14,10075000.0,49.8,7.12,4660.0,169.0,357.0,208.0,15.7,,26.6
2019-11-15,9914000.0,51.1,7.82,4590.0,169.0,348.0,201.0,15.4,,26.1
2019-11-16,9926000.0,51.3,7.78,4615.0,169.0,355.0,202.0,15.9,,26.2
2019-11-17,9924000.0,52.5,7.71,4525.0,169.0,371.0,204.0,16.2,,25.9
2019-11-18,9580000.0,50.5,7.14,4220.0,160.0,362.0,196.0,15.7,,24.6
2019-11-19,9503000.0,49.3,6.93,4105.0,153.0,361.0,199.0,15.5,,23.3
2019-11-20,9486000.0,48.0,6.77,3910.0,157.0,379.0,197.0,15.7,,23.3
2019-11-21,9024000.0,45.4,6.25,3795.0,145.0,353.0,188.0,14.4,,21.7
2019-11-22,8651000.0,44.1,5.67,3490.0,134.0,334.0,179.0,13.2,,19.9
2019-11-23,8670000.0,45.1,5.84,3810.0,138.0,355.0,185.0,13.5,,20.4
2019-11-24,8218000.0,41.7,5.43,3685.0,125.0,340.0,172.0,12.5,,18.2
2019-11-25,8338000.0,42.1,5.59,3970.0,125.0,327.0,167.0,11.6,,19.0
2019-11-26,8410000.0,43.1,5.98,4085.0,127.0,340.0,175.0,11.8,,20.8
2019-11-27,8702000.0,45.0,6.83,4395.0,164.0,396.0,205.0,16.1,,25.9
2019-11-28,8674000.0,46.2,7.52,4560.0,219.0,480.0,232.0,17.7,,28.3
2019-11-29,9037000.0,48.2,7.06,4700.0,191.0,438.0,230.0,16.4,,24.5
2019-11-30,8838000.0,46.9,6.59,4555.0,175.0,407.0,238.0,15.2,,24.9
2019-12-01,8630000.0,46.1,7.08,4405.0,182.0,437.0,243.0,16.5,,26.3
2019-12-02,8585000.0,44.9,6.82,4230.0,168.0,425.0,230.0,16.9,,25.1
2019-12-03,8607000.0,44.6,7.02,4205.0,172.0,415.0,235.0,16.0,,26.1
2019-12-04,8515000.0,43.8,6.96,4080.0,158.0,376.0,227.0,16.6,,26.7
2019-12-05,8685000.0,44.3,6.68,4065.0,141.0,352.0,264.0,15.0,,25.2
2019-12-06,8813000.0,44.7,7.03,4220.0,138.0,351.0,274.0,14.4,,24.5
2019-12-07,8784000.0,44.7,7.16,4340.0,136.0,353.0,261.0,13.9,,25.5
2019-12-08,8807000.0,45.1,7.39,4465.0,142.0,358.0,273.0,14.1,,24.6
2019-12-09,8679000.0,44.0,6.94,4270.0,139.0,350.0,254.0,13.6,,23.4
2019-12-10,8537000.0,42.8,6.32,4155.0,133.0,336.0,232.0,12.7,,21.1
2019-12-11,8490000.0,42.9,6.54,4335.0,129.0,340.0,240.0,12.4,,21.3
2019-12-12,8437000.0,42.8,6.17,4560.0,130.0,338.0,253.0,12.5,,20.4
2019-12-13,8490000.0,43.5,6.55,4525.0,155.0,370.0,262.0,14.2,,23.6
2019-12-14,8277000.0,42.3,6.08,4675.0,140.0,365.0,234.0,13.3,,22.0
2019-12-15,8319000.0,42.6,6.2,5020.0,138.0,376.0,253.0,13.5,,21.4
2019-12-16,8050000.0,40.1,5.7,4660.0,128.0,381.0,266.0,12.9,,19.9
2019-12-17,7742000.0,37.1,5.56,4245.0,123.0,353.0,236.0,12.1,,19.5
2019-12-18,8466000.0,40.1,5.96,4790.0,133.0,380.0,257.0,12.6,,20.1
2019-12-19,8328000.0,39.4,5.76,4855.0,129.0,424.0,243.0,12.8,,19.6
2019-12-20,8338000.0,39.6,5.84,4840.0,133.0,415.0,239.0,12.7,,20.2
2019-12-21,8295000.0,39.3,5.66,4630.0,133.0,408.0,231.0,13.2,,20.0
2019-12-22,8689000.0,40.1,5.75,4770.0,140.0,411.0,235.0,13.1,,20.4
2019-12-23,8520000.0,39.2,5.69,4775.0,132.0,386.0,223.0,12.7,,20.2
2019-12-24,8470000.0,39.3,5.7,4780.0,133.0,389.0,221.0,12.8,,19.9
2019-12-25,8370000.0,38.8,5.65,4770.0,133.0,387.0,221.0,12.9,,19.9
2019-12-26,8371000.0,39.6,5.52,5020.0,131.0,384.0,213.0,13.3,,19.8
2019-12-27,8385000.0,39.0,5.84,5035.0,127.0,374.0,210.0,13.2,,20.6
2019-12-28,8432000.0,39.1,5.7,4990.0,129.0,397.0,212.0,13.1,,20.1
2019-12-29,8486000.0,39.5,5.61,4775.0,130.0,383.0,218.0,13.0,,20.1
2019-12-30,8341000.0,38.9,5.52,4725.0,129.0,381.0,213.0,13.1,,19.9
2019-12-31,8312000.0,38.7,5.47,4765.0,126.0,359.0,213.0,12.6,,20.0
2020-01-01,8300000.0,38.5,5.42,4865.0,126.0,354.0,213.0,12.7,,20.0
2020-01-02,8037000.0,37.6,5.27,4635.0,123.0,348.0,211.0,12.7,,19.4
2020-01-03,8474000.0,39.3,5.29,4790.0,126.0,348.0,226.0,12.8,,20.4
2020-01-04,8482000.0,39.0,5.37,4760.0,125.0,403.0,226.0,13.0,,20.5
2020-01-05,8454000.0,39.2,5.32,4645.0,127.0,381.0,234.0,13.0,,20.3
2020-01-06,8866000.0,41.9,5.57,4615.0,131.0,373.0,234.0,13.1,,20.3
2020-01-07,9398000.0,42.0,5.54,4550.0,128.0,368.0,223.0,13.1,,19.9
2020-01-08,9085000.0,40.6,5.29,4410.0,125.0,352.0,215.0,12.8,,19.2
2020-01-09,8941000.0,40.2,5.34,4650.0,128.0,354.0,215.0,12.9,,19.4
2020-01-10,9233000.0,41.2,5.25,4690.0,129.0,352.0,218.0,12.5,,19.3
2020-01-11,9060000.0,41.0,5.25,4710.0,127.0,349.0,218.0,12.6,,19.0
2020-01-12,9213000.0,41.6,5.36,4705.0,132.0,355.0,218.0,12.6,,19.2
2020-01-13,9172000.0,41.0,5.33,4645.0,130.0,350.0,222.0,12.6,,19.6
2020-01-14,9716000.0,44.9,5.58,4840.0,139.0,367.0,232.0,13.1,,20.6
2020-01-15,9735000.0,45.5,5.73,4880.0,141.0,378.0,256.0,13.7,,22.1
2020-01-16,9785000.0,45.5,5.77,5260.0,143.0,381.0,284.0,14.2,,22.5
2020-01-17,9992000.0,48.7,6.02,5420.0,146.0,408.0,279.0,14.2,,22.4
2020-01-18,10085000.0,49.3,6.0,5090.0,148.0,408.0,283.0,14.1,,23.1
2020-01-19,9887000.0,47.0,5.72,4910.0,138.0,390.0,264.0,14.0,,22.0
2020-01-20,9851000.0,47.5,5.74,4945.0,137.0,399.0,274.0,13.9,,21.8
2020-01-21,9958000.0,50.5,6.19,5050.0,149.0,431.0,285.0,17.1,,23.0
2020-01-22,9922000.0,50.9,6.76,5180.0,170.0,459.0,292.0,16.8,,24.3
2020-01-23,9750000.0,49.1,6.6,4970.0,159.0,478.0,294.0,16.8,,25.4
2020-01-24,9813000.0,50.3,6.69,5015.0,171.0,450.0,297.0,18.1,,26.5
2020-01-25,9745000.0,49.3,6.53,4940.0,168.0,445.0,295.0,19.7,,25.8
2020-01-26,9966000.0,51.2,6.55,5015.0,166.0,437.0,294.0,19.3,,25.4
2020-01-27,10132000.0,53.3,6.49,5035.0,162.0,438.0,303.0,18.8,,25.9
2020-01-28,10570000.0,57.6,6.7,5085.0,171.0,453.0,307.0,19.0,,26.8
2020-01-29,10670000.0,61.2,6.76,5060.0,170.0,458.0,306.0,19.8,,26.9
2020-01-30,10779000.0,63.0,6.7,5010.0,171.0,462.0,309.0,19.4,,26.8
2020-01-31,10781000.0,61.9,6.99,5020.0,162.0,452.0,319.0,19.0,,26.4
2020-02-01,10820000.0,64.5,7.17,5020.0,162.0,468.0,319.0,19.4,,27.3
2020-02-02,10765000.0,64.1,7.37,5045.0,165.0,475.0,335.0,20.1,,27.4
2020-02-03,10750000.0,66.0,7.54,4995.0,168.0,491.0,349.0,20.1,,28.0
2020-02-04,10635000.0,64.7,8.02,4940.0,178.0,549.0,408.0,20.8,,28.6
2020-02-05,11054000.0,68.1,8.16,5025.0,182.0,532.0,391.0,21.1,,29.0
2020-02-06,11264000.0,69.2,8.57,5220.0,187.0,534.0,392.0,21.2,,31.0
2020-02-07,11490000.0,70.0,9.8,5510.0,189.0,576.0,393.0,22.1,,30.9
2020-02-08,11568000.0,70.0,9.49,5345.0,184.0,554.0,402.0,22.1,,30.5
2020-02-09,11821000.0,72.0,9.2,5395.0,188.0,555.0,397.0,22.7,,31.0
2020-02-10,11520000.0,70.3,8.91,5370.0,183.0,564.0,393.0,22.0,,30.9
2020-02-11,11819000.0,73.2,9.3,5740.0,184.0,568.0,397.0,22.7,,31.5
2020-02-12,11793000.0,77.7,10.4,5835.0,206.0,603.0,422.0,25.2,,40.5
2020-02-13,11793000.0,79.2,11.1,5650.0,226.0,635.0,505.0,29.8,,43.4
2020-02-14,11845000.0,81.0,11.9,5870.0,243.0,654.0,516.0,31.3,,45.7
2020-02-15,11503000.0,74.5,11.4,5370.0,249.0,743.0,487.0,29.9,,76.5
2020-02-16,11659000.0,72.4,10.5,5185.0,222.0,649.0,461.0,26.6,,61.1
2020-02-17,11438000.0,70.9,10.2,5040.0,211.0,605.0,467.0,80.3,,56.8
2020-02-18,11838000.0,72.8,10.5,5150.0,212.0,600.0,529.0,60.3,,54.3
2020-02-19,11415000.0,68.4,9.5,4925.0,201.0,606.0,616.0,47.3,,51.3
2020-02-20,11520000.0,69.5,8.96,5350.0,194.0,563.0,605.0,42.2,,47.8
2020-02-21,11498000.0,69.5,8.88,5880.0,201.0,536.0,659.0,36.0,1230.0,41.6
2020-02-22,11496000.0,69.2,8.81,5965.0,190.0,556.0,663.0,31.4,912.0,36.1
2020-02-23,11753000.0,72.7,9.2,5670.0,197.0,571.0,680.0,34.2,918.0,41.2
2020-02-24,11633000.0,71.2,8.72,5300.0,188.0,551.0,668.0,31.8,828.0,38.8
2020-02-25,11330000.0,68.2,7.89,4930.0,172.0,496.0,633.0,28.0,740.0,35.0
2020-02-26,10741000.0,60.0,6.75,4455.0,148.0,430.0,531.0,23.7,734.0,30.3
2020-02-27,10699000.0,60.5,7.2,4495.0,156.0,495.0,604.0,27.2,788.0,33.9
2020-02-28,10575000.0,59.4,7.36,4330.0,157.0,530.0,618.0,35.2,837.0,39.7
2020-02-29,10374000.0,57.5,7.42,4195.0,152.0,580.0,734.0,33.6,794.0,40.5
2020-03-01,10374000.0,55.5,7.81,4080.0,154.0,555.0,915.0,31.2,733.0,37.7
2020-03-02,10675000.0,58.8,7.96,4430.0,161.0,580.0,830.0,32.1,751.0,38.7
2020-03-03,10502000.0,58.2,7.73,4335.0,158.0,563.0,788.0,34.0,727.0,37.5
2020-03-04,10503000.0,58.7,7.43,4480.0,157.0,537.0,818.0,38.9,693.0,30.5
2020-03-05,10791000.0,60.9,7.7,4490.0,160.0,519.0,830.0,38.2,699.0,30.4
2020-03-06,10840000.0,61.4,8.24,4565.0,160.0,513.0,918.0,30.4,888.0,29.4
2020-03-07,10678000.0,58.6,8.1,4340.0,154.0,500.0,965.0,28.2,841.0,28.9
2020-03-08,9876000.0,52.6,6.88,3795.0,137.0,413.0,857.0,23.9,737.0,23.7
2020-03-09,9726000.0,50.9,7.05,3715.0,137.0,424.0,895.0,25.4,743.0,24.6
2020-03-10,9574000.0,50.2,7.01,3715.0,141.0,429.0,948.0,26.9,726.0,24.7
2020-03-11,9510000.0,47.6,6.79,3595.0,130.0,398.0,957.0,23.9,714.0,22.9
2020-03-12,6363000.0,31.0,4.16,2140.0,72.0,213.0,567.0,13.8,576.0,12.9
2020-03-13,7267000.0,37.1,4.55,2360.0,80.2,251.0,688.0,16.4,613.0,15.0
2020-03-14,6823000.0,34.2,4.58,2420.0,85.0,532.0,620.0,18.6,600.0,16.0
2020-03-15,6909000.0,34.7,4.66,2475.0,103.0,433.0,608.0,20.4,570.0,17.0
2020-03-16,6385000.0,30.7,4.3,2110.0,82.1,453.0,498.0,17.7,457.0,15.0
2020-03-17,6774000.0,32.8,4.49,2245.0,86.0,441.0,589.0,19.1,467.0,16.1
2020-03-18,6745000.0,32.6,4.4,2260.0,83.6,388.0,574.0,19.2,433.0,15.5
2020-03-19,7679000.0,37.8,5.07,2575.0,97.9,712.0,633.0,20.9,466.0,17.2
2020-03-20,7781000.0,37.0,4.91,2730.0,105.0,607.0,612.0,20.6,450.0,17.0
2020-03-21,7740000.0,36.9,4.89,2710.0,102.0,634.0,601.0,20.5,494.0,17.9
2020-03-22,7366000.0,34.3,4.57,2430.0,92.1,563.0,530.0,18.9,435.0,15.9
2020-03-23,8047000.0,36.3,4.79,2615.0,96.4,550.0,581.0,19.5,434.0,17.2
2020-03-24,8367000.0,37.5,4.88,2655.0,102.0,536.0,588.0,19.3,418.0,17.3
2020-03-25,8271000.0,36.3,4.81,2585.0,102.0,525.0,566.0,18.7,410.0,18.3
2020-03-26,8272000.0,37.9,4.83,2680.0,103.0,502.0,562.0,18.8,392.0,18.3
2020-03-27,7880000.0,35.9,4.55,2470.0,98.2,456.0,553.0,18.5,370.0,17.5
2020-03-28,7656000.0,36.3,4.6,2410.0,96.4,466.0,546.0,17.8,348.0,16.5
2020-03-29,7218000.0,34.4,4.32,2275.0,96.8,415.0,517.0,16.2,357.0,15.8
2020-03-30,7798000.0,36.2,4.67,2395.0,103.0,424.0,537.0,16.9,360.0,16.5
2020-03-31,7799000.0,37.1,4.64,2385.0,101.0,596.0,527.0,17.0,354.0,16.9
2020-04-01,8074000.0,37.6,4.71,2400.0,100.0,563.0,539.0,17.5,347.0,17.5
2020-04-02,8174000.0,38.5,4.75,2385.0,102.0,519.0,525.0,17.9,343.0,17.5
2020-04-03,8156000.0,39.0,4.8,2405.0,103.0,555.0,524.0,18.7,340.0,17.8
2020-04-04,8249000.0,39.0,4.9,2430.0,102.0,586.0,537.0,18.3,337.0,17.6
2020-04-05,8198000.0,38.7,5.27,2495.0,101.0,564.0,525.0,18.9,325.0,17.7
2020-04-06,8786000.0,43.0,5.64,2880.0,107.0,572.0,549.0,19.5,330.0,18.5
2020-04-07,8660000.0,42.5,5.41,2805.0,106.0,547.0,586.0,19.1,315.0,18.8
2020-04-08,8821000.0,43.6,5.55,2985.0,110.0,568.0,618.0,19.1,317.0,19.4
2020-04-09,8804000.0,43.7,5.59,3100.0,110.0,577.0,611.0,18.9,309.0,19.4
2020-04-10,8414000.0,40.7,5.09,2820.0,100.0,559.0,574.0,17.3,283.0,17.5
2020-04-11,8463000.0,41.1,5.22,2835.0,102.0,562.0,596.0,17.5,286.0,17.7
2020-04-12,8470000.0,41.1,5.16,2820.0,104.0,554.0,582.0,17.5,284.0,17.7
2020-04-13,8379000.0,40.7,5.04,2765.0,101.0,564.0,569.0,16.9,272.0,17.3
2020-04-14,8378000.0,40.4,5.04,2875.0,102.0,572.0,573.0,17.2,274.0,17.9
2020-04-15,8108000.0,39.0,4.9,2785.0,99.2,549.0,570.0,16.8,264.0,17.0
2020-04-16,8562000.0,41.6,5.16,2910.0,101.0,568.0,576.0,16.9,259.0,17.3
2020-04-17,8519000.0,41.7,5.06,2875.0,102.0,561.0,576.0,17.0,252.0,17.3
2020-04-18,8712000.0,43.9,5.26,3010.0,103.0,565.0,593.0,17.3,296.0,17.8
2020-04-19,8660000.0,43.2,5.18,2905.0,105.0,550.0,577.0,17.4,297.0,17.4
2020-04-20,8387000.0,41.6,4.93,2790.0,105.0,537.0,558.0,16.8,275.0,16.7
2020-04-21,8407000.0,42.3,5.06,2790.0,102.0,517.0,563.0,16.3,259.0,16.7
2020-04-22,8636000.0,44.3,5.09,2895.0,104.0,523.0,573.0,16.7,279.0,17.1
2020-04-23,9057000.0,49.4,5.22,2925.0,103.0,535.0,575.0,16.9,273.0,17.4
2020-04-24,9100000.0,50.4,5.58,3330.0,107.0,600.0,623.0,16.9,273.0,18.1
2020-04-25,9164000.0,51.3,5.8,3490.0,109.0,582.0,676.0,17.3,268.0,18.2
2020-04-26,9376000.0,56.1,6.18,3410.0,113.0,574.0,850.0,17.8,270.0,19.1
2020-04-27,9490000.0,56.8,6.14,3375.0,111.0,572.0,817.0,17.5,264.0,19.1
2020-04-28,9410000.0,57.0,6.03,3410.0,112.0,567.0,809.0,17.3,258.0,18.4
2020-04-29,10530000.0,61.8,6.36,3515.0,115.0,574.0,809.0,18.2,265.0,18.8
2020-04-30,10477000.0,57.5,6.65,3315.0,112.0,561.0,839.0,17.8,265.0,18.6
2020-05-01,10773000.0,62.2,7.28,3455.0,118.0,585.0,845.0,19.7,276.0,20.0
2020-05-02,10882000.0,61.7,7.57,3505.0,121.0,585.0,838.0,19.7,278.0,20.4
2020-05-03,10887000.0,60.1,7.41,3395.0,115.0,565.0,813.0,19.1,270.0,19.8
2020-05-04,10850000.0,60.5,8.44,3360.0,115.0,573.0,830.0,18.8,268.0,19.4
2020-05-05,10972000.0,60.4,9.27,3295.0,112.0,568.0,805.0,18.6,267.0,19.5
2020-05-06,11269000.0,60.4,8.64,3235.0,111.0,557.0,791.0,18.4,283.0,18.9
2020-05-07,11998000.0,61.8,8.56,3270.0,111.0,573.0,765.0,19.3,273.0,18.8
2020-05-08,11881000.0,62.9,8.49,3405.0,115.0,577.0,795.0,19.7,269.0,19.4
2020-05-09,11550000.0,62.2,8.72,3330.0,113.0,569.0,815.0,19.1,269.0,18.6
2020-05-10,10671000.0,58.3,8.3,3070.0,121.0,516.0,743.0,17.6,238.0,16.9
2020-05-11,10448000.0,58.6,8.47,2905.0,111.0,515.0,692.0,17.4,220.0,16.3
2020-05-12,10677000.0,61.2,9.2,3025.0,112.0,537.0,773.0,18.0,228.0,16.5
2020-05-13,11268000.0,62.5,11.4,3085.0,111.0,543.0,775.0,19.1,239.0,16.7
2020-05-14,11776000.0,61.4,12.7,3055.0,110.0,562.0,768.0,22.7,236.0,17.0
2020-05-15,11314000.0,61.1,12.3,3005.0,109.0,550.0,766.0,21.6,230.0,16.9
2020-05-16,11325000.0,61.6,13.2,3080.0,110.0,557.0,759.0,21.3,230.0,17.3
2020-05-17,11619000.0,61.8,12.6,3050.0,111.0,556.0,759.0,26.5,233.0,17.3
2020-05-18,11705000.0,65.3,12.0,3125.0,113.0,560.0,766.0,31.7,248.0,18.0
2020-05-19,11727000.0,68.0,11.8,3140.0,115.0,595.0,779.0,28.4,246.0,19.2
2020-05-20,11532000.0,69.0,11.7,3290.0,123.0,605.0,779.0,24.5,242.0,18.9
2020-05-21,11089000.0,63.8,12.0,3070.0,124.0,607.0,756.0,22.0,237.0,19.5
2020-05-22,11117000.0,67.6,12.3,3210.0,133.0,615.0,780.0,22.4,246.0,24.3
2020-05-23,11140000.0,66.7,11.9,3145.0,125.0,592.0,857.0,21.9,258.0,21.6
2020-05-24,10664000.0,62.8,12.1,3055.0,120.0,570.0,800.0,21.1,245.0,20.1
2020-05-25,10825000.0,65.7,15.1,3185.0,140.0,592.0,827.0,22.9,254.0,22.0
2020-05-26,10729000.0,65.0,15.0,3135.0,178.0,599.0,817.0,24.0,272.0,23.2
2020-05-27,11163000.0,66.9,14.9,3160.0,154.0,584.0,808.0,22.0,259.0,21.7
2020-05-28,11579000.0,78.6,14.9,3225.0,146.0,582.0,819.0,21.8,258.0,21.8
2020-05-29,11398000.0,78.3,15.0,3250.0,147.0,575.0,852.0,21.9,258.0,21.7
2020-05-30,11581000.0,92.1,16.1,3365.0,145.0,577.0,840.0,22.1,257.0,21.6
2020-05-31,11432000.0,89.5,17.8,3310.0,140.0,580.0,833.0,21.3,255.0,21.5
2020-06-01,12112000.0,96.2,19.4,3395.0,144.0,583.0,858.0,22.0,259.0,22.0
2020-06-02,11520000.0,95.4,21.9,3345.0,161.0,570.0,836.0,21.9,254.0,21.5
2020-06-03,11648000.0,104.0,21.6,3515.0,153.0,577.0,839.0,22.3,259.0,22.0
2020-06-04,11784000.0,107.0,19.7,3755.0,152.0,585.0,858.0,24.6,263.0,23.4
2020-06-05,11597000.0,103.0,21.7,3730.0,149.0,604.0,926.0,23.7,277.0,22.9
2020-06-06,11641000.0,105.0,25.5,3685.0,153.0,598.0,916.0,23.9,278.0,24.0
2020-06-07,11687000.0,104.0,26.8,3635.0,151.0,598.0,890.0,24.0,274.0,23.8
2020-06-08,11690000.0,104.0,25.5,3765.0,153.0,599.0,965.0,23.4,270.0,23.7
2020-06-09,11688000.0,99.1,29.4,3730.0,162.0,593.0,1130.0,23.9,270.0,24.8
2020-06-10,11737000.0,99.3,32.6,3700.0,156.0,636.0,1350.0,24.0,269.0,24.7
2020-06-11,11090000.0,90.2,30.0,3310.0,135.0,560.0,1250.0,21.3,241.0,21.1
2020-06-12,11380000.0,95.5,31.2,3445.0,152.0,591.0,1540.0,22.6,254.0,23.1
2020-06-13,11388000.0,95.1,27.3,3450.0,154.0,593.0,1450.0,23.1,254.0,24.7
2020-06-14,11246000.0,92.1,27.6,3330.0,148.0,576.0,1405.0,22.6,249.0,23.6
2020-06-15,11346000.0,94.4,30.1,3260.0,146.0,580.0,1405.0,22.0,245.0,23.4
2020-06-16,11453000.0,95.1,30.2,3275.0,146.0,587.0,1505.0,21.8,247.0,24.2
2020-06-17,11437000.0,101.0,28.4,3275.0,163.0,920.0,1445.0,22.5,249.0,27.6
2020-06-18,11341000.0,98.8,25.3,3200.0,171.0,761.0,1390.0,23.1,251.0,28.1
2020-06-19,11286000.0,97.0,22.8,3150.0,162.0,755.0,1440.0,24.6,256.0,26.6
2020-06-20,11325000.0,96.3,23.3,3165.0,163.0,715.0,1550.0,24.8,261.0,25.8
2020-06-21,11238000.0,94.8,23.9,3150.0,182.0,704.0,1485.0,24.5,265.0,26.6
2020-06-22,11593000.0,100.0,24.0,3215.0,202.0,681.0,1490.0,26.2,266.0,26.0
2020-06-23,11509000.0,98.9,23.1,3320.0,202.0,661.0,1430.0,25.0,260.0,25.7
2020-06-24,11233000.0,99.7,23.6,3245.0,208.0,618.0,1415.0,23.2,249.0,24.8
2020-06-25,11147000.0,98.4,22.7,3160.0,245.0,604.0,1395.0,22.6,242.0,25.9
2020-06-26,11045000.0,97.0,21.4,3165.0,308.0,580.0,1400.0,22.5,241.0,25.0
2020-06-27,10913000.0,93.9,19.2,2945.0,284.0,540.0,1300.0,21.3,231.0,22.7
2020-06-28,10970000.0,96.6,21.5,3015.0,309.0,543.0,1325.0,21.4,232.0,23.0
2020-06-29,10972000.0,101.0,21.6,3170.0,346.0,535.0,1410.0,21.5,233.0,22.6
2020-06-30,10903000.0,99.3,20.7,3095.0,282.0,549.0,1435.0,24.0,237.0,23.6
2020-07-01,11051000.0,116.0,20.9,3180.0,287.0,556.0,1600.0,23.5,238.0,23.6
2020-07-02,10888000.0,112.0,20.8,3195.0,250.0,534.0,1825.0,22.3,229.0,23.2
2020-07-03,10837000.0,116.0,20.4,3235.0,234.0,534.0,2220.0,21.9,229.0,22.7
2020-07-04,10884000.0,120.0,22.8,3315.0,261.0,537.0,1975.0,22.4,232.0,23.5
2020-07-05,10831000.0,118.0,22.1,3510.0,256.0,552.0,1920.0,21.7,229.0,22.9
2020-07-06,11065000.0,124.0,22.5,3590.0,247.0,565.0,1980.0,22.0,232.0,23.1
2020-07-07,10988000.0,139.0,24.0,3850.0,253.0,599.0,1870.0,22.3,235.0,23.0
2020-07-08,11138000.0,154.0,24.7,4195.0,243.0,667.0,1870.0,22.5,241.0,24.2
2020-07-09,10961000.0,148.0,23.5,4500.0,230.0,695.0,1980.0,22.6,235.0,25.2
2020-07-10,11043000.0,141.0,23.4,4830.0,221.0,755.0,1925.0,22.6,238.0,25.3
2020-07-11,10957000.0,146.0,23.7,4670.0,232.0,777.0,1960.0,22.5,237.0,25.2
2020-07-12,11036000.0,150.0,23.1,4785.0,226.0,747.0,1910.0,22.3,238.0,24.7
2020-07-13,11000000.0,147.0,23.8,4610.0,223.0,683.0,1825.0,22.1,236.0,24.5
2020-07-14,11010000.0,158.0,23.5,4715.0,241.0,678.0,1895.0,21.9,233.0,24.2
2020-07-15,10975000.0,156.0,23.1,4815.0,229.0,676.0,1895.0,21.8,232.0,24.8
2020-07-16,10934000.0,151.0,21.6,4885.0,217.0,698.0,1880.0,21.2,228.0,24.3
2020-07-17,10937000.0,147.0,21.6,4960.0,224.0,678.0,1955.0,21.3,230.0,25.2
2020-07-18,10905000.0,146.0,21.4,5190.0,222.0,719.0,2175.0,22.0,233.0,26.9
2020-07-19,10943000.0,148.0,21.2,4995.0,221.0,756.0,2015.0,21.9,234.0,27.6
2020-07-20,10950000.0,141.0,20.6,4645.0,224.0,794.0,1960.0,22.9,234.0,28.8
2020-07-21,11123000.0,146.0,21.3,4740.0,221.0,741.0,1960.0,22.9,234.0,27.7
2020-07-22,11269000.0,146.0,22.2,4745.0,223.0,718.0,1945.0,23.0,237.0,27.7
2020-07-23,11331000.0,146.0,23.1,4685.0,220.0,707.0,1895.0,22.6,233.0,27.1
2020-07-24,11346000.0,145.0,21.9,4545.0,217.0,705.0,1890.0,22.4,232.0,28.9
2020-07-25,11477000.0,166.0,21.9,4620.0,216.0,716.0,1825.0,22.5,233.0,27.7
2020-07-26,11715000.0,176.0,21.2,4505.0,211.0,719.0,1790.0,21.6,229.0,26.4
2020-07-27,12916000.0,163.0,19.9,4200.0,196.0,654.0,1615.0,21.6,234.0,23.7
2020-07-28,12772000.0,174.0,21.1,4390.0,200.0,662.0,1700.0,22.1,245.0,25.2
2020-07-29,13124000.0,166.0,20.9,4295.0,208.0,668.0,1680.0,23.6,279.0,25.9
2020-07-30,13098000.0,166.0,21.5,4385.0,207.0,669.0,1710.0,22.8,251.0,25.5
2020-07-31,13416000.0,165.0,21.4,4490.0,206.0,655.0,1745.0,23.7,249.0,25.7
2020-08-01,13922000.0,170.0,22.0,4835.0,207.0,660.0,1750.0,23.6,252.0,26.1
2020-08-02,13030000.0,157.0,20.9,4590.0,199.0,638.0,1660.0,21.9,237.0,24.9
2020-08-03,13272000.0,162.0,20.7,4540.0,200.0,659.0,1645.0,22.3,244.0,25.7
2020-08-04,13319000.0,168.0,21.9,4780.0,201.0,642.0,1760.0,22.3,248.0,25.7
2020-08-05,13843000.0,167.0,23.1,4910.0,203.0,634.0,1795.0,23.2,247.0,25.2
2020-08-06,13884000.0,168.0,23.8,4925.0,207.0,638.0,1885.0,22.9,245.0,26.1
2020-08-07,13777000.0,166.0,25.9,4765.0,210.0,662.0,1815.0,22.9,240.0,27.3
2020-08-08,13887000.0,173.0,30.8,5215.0,219.0,700.0,1985.0,24.1,243.0,28.3
2020-08-09,13820000.0,172.0,29.7,6235.0,228.0,707.0,2110.0,28.1,243.0,29.6
2020-08-10,13990000.0,170.0,29.5,6445.0,232.0,704.0,2030.0,27.1,256.0,30.3
2020-08-11,13619000.0,164.0,31.1,5885.0,219.0,729.0,1925.0,26.0,263.0,29.9
2020-08-12,13709000.0,161.0,30.3,7005.0,220.0,752.0,1995.0,27.0,258.0,30.2
2020-08-13,13810000.0,164.0,29.8,7145.0,217.0,744.0,2045.0,26.5,270.0,30.7
2020-08-14,13846000.0,164.0,29.4,7165.0,218.0,753.0,2205.0,26.9,267.0,32.7
2020-08-15,13878000.0,162.0,29.1,7135.0,214.0,724.0,2150.0,27.0,262.0,31.9
2020-08-16,13889000.0,163.0,30.8,7265.0,231.0,736.0,2200.0,27.1,265.0,34.3
2020-08-17,14204000.0,163.0,29.2,6855.0,226.0,716.0,2055.0,27.3,267.0,43.1
2020-08-18,14000000.0,161.0,27.3,6810.0,226.0,705.0,1965.0,27.8,259.0,41.5
2020-08-19,13878000.0,152.0,25.8,6715.0,223.0,673.0,1885.0,27.4,249.0,37.9
2020-08-20,13967000.0,157.0,26.8,7410.0,244.0,706.0,2015.0,27.5,259.0,41.8
2020-08-21,13781000.0,147.0,25.3,6700.0,229.0,739.0,1975.0,26.5,259.0,38.7
2020-08-22,13840000.0,148.0,26.0,7630.0,236.0,808.0,2040.0,26.9,258.0,39.9
2020-08-23,13802000.0,144.0,25.3,10080.0,236.0,790.0,2035.0,26.6,271.0,41.6
2020-08-24,13876000.0,147.0,28.0,9705.0,235.0,816.0,1990.0,25.9,306.0,44.6
2020-08-25,13476000.0,134.0,25.4,10010.0,228.0,807.0,1890.0,24.4,324.0,42.0
2020-08-26,13561000.0,136.0,26.5,9130.0,225.0,777.0,1930.0,25.0,340.0,45.7
2020-08-27,13401000.0,126.0,24.0,8585.0,216.0,702.0,1835.0,23.4,272.0,46.3
2020-08-28,13549000.0,128.0,24.7,8905.0,218.0,719.0,1870.0,24.1,264.0,46.9
2020-08-29,13470000.0,136.0,24.6,8550.0,221.0,730.0,1930.0,24.4,259.0,53.9
2020-08-30,13671000.0,137.0,27.2,8910.0,228.0,727.0,1995.0,24.4,254.0,50.3
2020-08-31,13739000.0,144.0,26.6,8505.0,225.0,705.0,2125.0,27.8,250.0,51.7
2020-09-01,13974000.0,146.0,25.6,8475.0,228.0,705.0,2035.0,25.7,243.0,46.1
2020-09-02,13571000.0,136.0,24.3,7940.0,212.0,677.0,1970.0,23.6,234.0,44.6
2020-09-03,12303000.0,115.0,19.2,5965.0,166.0,566.0,1560.0,20.4,220.0,33.9
2020-09-04,12636000.0,122.0,20.1,6650.0,179.0,599.0,1620.0,21.2,222.0,34.4
2020-09-05,12382000.0,109.0,18.2,5995.0,169.0,550.0,1440.0,20.0,200.0,35.4
2020-09-06,12353000.0,111.0,18.4,6275.0,168.0,559.0,1560.0,20.1,206.0,34.3
2020-09-07,12388000.0,111.0,18.3,6040.0,162.0,553.0,1490.0,20.0,202.0,33.0
2020-09-08,12131000.0,109.0,18.7,5920.0,185.0,534.0,1425.0,19.4,198.0,31.7
2020-09-09,12177000.0,112.0,19.7,6340.0,195.0,563.0,1460.0,19.7,206.0,33.7
2020-09-10,12328000.0,116.0,20.6,6355.0,195.0,587.0,1485.0,20.8,216.0,38.2
2020-09-11,12336000.0,115.0,20.4,6355.0,197.0,633.0,1455.0,21.8,211.0,36.9
2020-09-12,12379000.0,115.0,21.2,6655.0,190.0,639.0,1575.0,22.6,211.0,35.9
2020-09-13,12377000.0,114.0,20.0,6360.0,179.0,594.0,1470.0,21.1,202.0,33.4
2020-09-14,12659000.0,115.0,19.9,6430.0,183.0,588.0,1455.0,21.5,205.0,33.2
2020-09-15,12814000.0,110.0,18.6,5780.0,172.0,595.0,1400.0,20.5,201.0,31.3
2020-09-16,12913000.0,107.0,20.0,6045.0,167.0,574.0,1370.0,20.3,192.0,29.6
2020-09-17,12811000.0,110.0,19.5,5955.0,171.0,554.0,1315.0,19.9,191.0,28.6
2020-09-18,12777000.0,107.0,20.0,5825.0,163.0,543.0,1240.0,21.4,196.0,29.7
2020-09-19,12940000.0,107.0,19.7,5790.0,163.0,550.0,1240.0,20.8,196.0,29.9
2020-09-20,12819000.0,104.0,18.5,5490.0,157.0,531.0,1190.0,20.3,190.0,28.3
2020-09-21,12290000.0,94.0,16.2,4815.0,143.0,482.0,1070.0,18.1,178.0,25.5
2020-09-22,12344000.0,95.6,16.6,4920.0,143.0,483.0,1110.0,19.2,176.0,24.3
2020-09-23,11943000.0,89.3,16.2,4515.0,131.0,428.0,1000.0,18.1,163.0,21.9
2020-09-24,12500000.0,96.1,17.0,5225.0,138.0,467.0,1095.0,19.2,170.0,24.0
2020-09-25,12455000.0,112.0,18.4,5600.0,143.0,581.0,1150.0,19.5,172.0,24.3
2020-09-26,12506000.0,111.0,19.2,5365.0,143.0,583.0,1185.0,19.4,173.0,25.1
2020-09-27,12515000.0,117.0,18.0,5525.0,141.0,546.0,1180.0,19.2,174.0,25.1
2020-09-28,12468000.0,117.0,17.6,5630.0,142.0,530.0,1170.0,18.9,173.0,25.6
2020-09-29,12601000.0,117.0,20.2,6155.0,151.0,523.0,1150.0,19.2,177.0,25.7
2020-09-30,12558000.0,118.0,22.9,6260.0,156.0,520.0,1145.0,19.2,175.0,24.6
2020-10-01,12440000.0,115.0,22.8,6010.0,167.0,512.0,1110.0,18.8,172.0,23.8
2020-10-02,12423000.0,110.0,21.2,5755.0,153.0,497.0,1085.0,18.5,169.0,23.2
2020-10-03,12393000.0,110.0,21.8,5895.0,148.0,503.0,1070.0,18.9,169.0,23.1
2020-10-04,12447000.0,113.0,24.9,6210.0,144.0,490.0,1080.0,18.9,168.0,23.0
2020-10-05,12536000.0,114.0,24.0,6255.0,140.0,503.0,1075.0,18.7,169.0,23.2
2020-10-06,12418000.0,109.0,21.4,5550.0,133.0,470.0,999.0,17.4,164.0,21.9
2020-10-07,12423000.0,109.0,22.1,5710.0,139.0,465.0,1070.0,17.7,163.0,21.6
2020-10-08,12582000.0,110.0,21.9,5805.0,140.0,484.0,1070.0,19.3,170.0,23.1
2020-10-09,12638000.0,116.0,23.1,5880.0,146.0,496.0,1105.0,22.0,177.0,24.6
2020-10-10,12864000.0,120.0,23.2,6300.0,145.0,519.0,1100.0,21.1,178.0,24.8
2020-10-11,12934000.0,122.0,24.0,6880.0,144.0,508.0,1095.0,20.6,176.0,24.1
2020-10-12,13172000.0,126.0,23.5,6825.0,144.0,504.0,1155.0,21.7,181.0,26.5
2020-10-13,13134000.0,126.0,23.0,6920.0,142.0,531.0,1140.0,20.7,178.0,25.7
2020-10-14,13150000.0,124.0,22.0,6610.0,139.0,511.0,1085.0,20.0,179.0,27.2
2020-10-15,13226000.0,123.0,21.4,6615.0,141.0,505.0,1070.0,19.8,191.0,25.6
2020-10-16,13054000.0,120.0,20.8,6265.0,137.0,477.0,1035.0,19.1,187.0,24.1
2020-10-17,13078000.0,122.0,20.9,6295.0,142.0,487.0,1060.0,19.3,185.0,24.0
2020-10-18,13207000.0,124.0,21.3,6605.0,140.0,472.0,1070.0,19.6,182.0,23.9
2020-10-19,13415000.0,125.0,22.6,6275.0,138.0,463.0,1040.0,19.5,176.0,23.3
2020-10-20,13646000.0,118.0,20.8,5755.0,132.0,440.0,990.0,18.4,164.0,22.0
2020-10-21,14423000.0,120.0,20.9,5920.0,134.0,482.0,1055.0,18.5,169.0,22.4
2020-10-22,14558000.0,125.0,22.0,6085.0,136.0,473.0,1065.0,19.2,173.0,22.9
2020-10-23,14584000.0,122.0,22.1,6050.0,139.0,479.0,1055.0,19.5,174.0,22.7
2020-10-24,14760000.0,122.0,22.0,6255.0,142.0,481.0,1050.0,20.2,175.0,23.6
2020-10-25,14690000.0,121.0,21.5,5975.0,143.0,498.0,1020.0,19.2,170.0,22.8
2020-10-26,14764000.0,117.0,20.8,5820.0,135.0,499.0,1010.0,18.4,165.0,22.4
2020-10-27,15312000.0,116.0,20.9,5775.0,134.0,506.0,1015.0,19.1,165.0,22.0
2020-10-28,15060000.0,112.0,20.3,5460.0,129.0,511.0,976.0,19.0,165.0,21.0
2020-10-29,15207000.0,108.0,19.9,5245.0,124.0,467.0,929.0,19.3,184.0,20.5
2020-10-30,15340000.0,105.0,19.9,5240.0,118.0,442.0,903.0,18.5,171.0,19.5
2020-10-31,15606000.0,106.0,20.0,5240.0,120.0,435.0,894.0,18.4,168.0,19.5
2020-11-01,15574000.0,111.0,20.4,5350.0,120.0,438.0,897.0,18.4,173.0,19.6
2020-11-02,15397000.0,106.0,19.6,5245.0,117.0,424.0,883.0,18.1,170.0,18.7
2020-11-03,15881000.0,107.0,19.8,5095.0,115.0,419.0,845.0,17.8,167.0,18.0
2020-11-04,15959000.0,107.0,19.7,4950.0,117.0,458.0,798.0,17.5,167.0,17.9
2020-11-05,17352000.0,109.0,21.0,5020.0,118.0,523.0,848.0,18.1,167.0,19.0
2020-11-06,17397000.0,122.0,23.0,5475.0,129.0,542.0,910.0,18.7,174.0,23.1
2020-11-07,16647000.0,114.0,20.9,5185.0,125.0,488.0,883.0,18.4,172.0,21.5
2020-11-08,17297000.0,119.0,21.6,5375.0,131.0,525.0,917.0,18.7,174.0,24.4
2020-11-09,17106000.0,118.0,21.6,5765.0,133.0,544.0,902.0,19.0,174.0,32.2
2020-11-10,17035000.0,118.0,22.5,5665.0,133.0,578.0,981.0,19.4,174.0,37.8
2020-11-11,17439000.0,118.0,22.6,5585.0,135.0,554.0,988.0,20.3,176.0,31.6
2020-11-12,17954000.0,116.0,21.2,5550.0,128.0,529.0,954.0,19.8,177.0,30.9
2020-11-13,17988000.0,117.0,22.5,5735.0,131.0,563.0,1020.0,21.5,180.0,32.0
2020-11-14,17796000.0,116.0,22.4,5615.0,128.0,547.0,991.0,20.4,178.0,30.0
2020-11-15,17670000.0,112.0,22.0,5520.0,129.0,535.0,990.0,19.9,173.0,28.4
2020-11-16,18275000.0,114.0,24.0,5560.0,130.0,535.0,1040.0,20.0,177.0,27.3
2020-11-17,19332000.0,121.0,25.0,5785.0,130.0,538.0,1075.0,19.4,173.0,26.7
2020-11-18,19714000.0,119.0,24.1,5640.0,136.0,509.0,1025.0,19.0,169.0,25.8
2020-11-19,19802000.0,118.0,23.4,5670.0,134.0,494.0,1015.0,18.8,166.0,26.8
2020-11-20,20627000.0,131.0,24.8,5835.0,135.0,503.0,1045.0,19.2,169.0,26.9
2020-11-21,20351000.0,145.0,25.7,6450.0,139.0,522.0,1145.0,19.7,171.0,28.3
2020-11-22,20307000.0,161.0,24.9,6035.0,137.0,513.0,1130.0,19.8,174.0,27.5
2020-11-23,20100000.0,172.0,26.8,6350.0,141.0,518.0,1215.0,20.0,174.0,29.6
2020-11-24,20957000.0,192.0,27.7,6535.0,149.0,686.0,1260.0,20.9,179.0,30.3
2020-11-25,20840000.0,179.0,32.0,6620.0,416.0,774.0,1290.0,22.4,191.0,33.3
2020-11-26,19225000.0,155.0,28.9,5980.0,265.0,790.0,1100.0,19.2,170.0,30.0
2020-11-27,19129000.0,160.0,27.5,5995.0,246.0,777.0,1075.0,18.8,171.0,28.7
2020-11-28,19484000.0,182.0,29.2,5995.0,320.0,855.0,1110.0,19.3,171.0,30.0
2020-11-29,19991000.0,183.0,32.2,5955.0,308.0,852.0,1120.0,19.4,171.0,29.3
2020-11-30,21315000.0,187.0,31.7,6035.0,290.0,844.0,1145.0,19.6,173.0,28.9
2020-12-01,20867000.0,173.0,31.1,5845.0,288.0,815.0,1105.0,22.1,178.0,30.3
2020-12-02,21097000.0,174.0,34.2,6040.0,297.0,803.0,1125.0,22.9,184.0,34.8
2020-12-03,21179000.0,179.0,36.6,6000.0,284.0,778.0,1105.0,22.2,180.0,33.6
2020-12-04,20569000.0,164.0,32.5,5575.0,240.0,700.0,1025.0,20.2,174.0,30.5
2020-12-05,20781000.0,174.0,37.0,5705.0,260.0,734.0,1060.0,21.2,176.0,31.6
2020-12-06,20976000.0,173.0,38.4,5645.0,260.0,710.0,1060.0,22.3,176.0,30.5
2020-12-07,20834000.0,168.0,38.7,5550.0,252.0,716.0,1040.0,22.1,188.0,32.5
2020-12-08,20010000.0,155.0,34.0,5170.0,227.0,654.0,972.0,20.1,175.0,29.6
2020-12-09,20267000.0,161.0,33.9,5245.0,226.0,662.0,981.0,21.1,174.0,29.5
2020-12-10,19950000.0,156.0,35.7,5105.0,210.0,632.0,945.0,20.1,172.0,27.9
2020-12-11,19658000.0,152.0,32.2,5135.0,198.0,607.0,947.0,19.2,168.0,26.6
2020-12-12,20585000.0,159.0,35.7,5540.0,214.0,654.0,980.0,20.4,172.0,29.1
2020-12-13,20793000.0,167.0,35.5,5620.0,227.0,748.0,1000.0,20.4,173.0,28.9
2020-12-14,20939000.0,172.0,35.8,5685.0,237.0,711.0,989.0,20.6,180.0,28.7
2020-12-15,21103000.0,168.0,38.0,5750.0,227.0,699.0,1030.0,20.7,195.0,28.5
2020-12-16,22888000.0,182.0,42.0,5905.0,222.0,689.0,1010.0,21.5,186.0,28.9
2020-12-17,24743000.0,179.0,40.9,5800.0,216.0,680.0,1000.0,22.0,185.0,28.2
2020-12-18,25151000.0,180.0,47.6,5795.0,232.0,711.0,1030.0,23.5,196.0,31.0
2020-12-19,26169000.0,181.0,53.9,5825.0,246.0,786.0,1045.0,25.1,205.0,32.5
2020-12-20,25880000.0,179.0,50.1,5545.0,232.0,731.0,1015.0,23.7,199.0,32.8
2020-12-21,25387000.0,170.0,55.1,5630.0,231.0,742.0,975.0,22.5,188.0,30.9
2020-12-22,26776000.0,176.0,57.6,5565.0,222.0,736.0,1005.0,24.6,193.0,31.1
2020-12-23,26380000.0,156.0,65.1,4960.0,186.0,634.0,857.0,20.0,171.0,27.0
2020-12-24,26503000.0,171.0,66.5,5525.0,202.0,667.0,914.0,20.9,181.0,29.0
2020-12-25,27122000.0,172.0,69.5,5400.0,204.0,668.0,913.0,20.2,177.0,28.3
2020-12-26,29378000.0,176.0,95.4,5345.0,224.0,658.0,886.0,22.9,178.0,29.0
2020-12-27,29319000.0,173.0,85.6,5405.0,218.0,664.0,908.0,22.9,178.0,31.1
2020-12-28,30249000.0,196.0,100.0,6030.0,215.0,675.0,959.0,23.1,171.0,31.5
2020-12-29,30498000.0,213.0,94.6,6270.0,211.0,660.0,922.0,22.5,164.0,30.0
2020-12-30,31891000.0,204.0,85.5,6015.0,209.0,657.0,892.0,23.4,161.0,32.1
2020-12-31,32042000.0,200.0,91.7,7150.0,207.0,657.0,885.0,23.4,161.0,31.7
2021-01-01,32296000.0,192.0,87.2,6465.0,214.0,713.0,884.0,24.6,166.0,33.6
2021-01-02,35700000.0,196.0,81.2,6000.0,228.0,694.0,872.0,25.3,163.0,35.5
2021-01-03,37537000.0,234.0,76.9,6610.0,230.0,692.0,940.0,23.9,163.0,32.8
2021-01-04,36460000.0,257.0,79.8,6885.0,218.0,684.0,936.0,23.1,160.0,33.3
2021-01-05,38093000.0,292.0,79.0,6980.0,221.0,688.0,1030.0,23.3,162.0,36.3
2021-01-06,40762000.0,370.0,86.6,7405.0,232.0,737.0,1315.0,23.5,165.0,40.9
2021-01-07,44698000.0,339.0,85.6,7115.0,257.0,864.0,1230.0,24.9,167.0,63.9
2021-01-08,47215000.0,353.0,85.3,6905.0,253.0,812.0,1315.0,25.2,175.0,57.3
2021-01-09,45718000.0,377.0,86.4,7450.0,264.0,818.0,1355.0,26.8,179.0,52.8
2021-01-10,43404000.0,345.0,83.6,7295.0,264.0,759.0,1290.0,25.3,171.0,50.5
2021-01-11,40094000.0,311.0,73.8,6485.0,268.0,669.0,1110.0,23.0,161.0,48.8
2021-01-12,38577000.0,327.0,70.3,6470.0,247.0,746.0,1135.0,22.9,164.0,50.0
2021-01-13,41380000.0,347.0,78.0,6895.0,251.0,744.0,1215.0,23.4,167.0,51.7
2021-01-14,42735000.0,341.0,76.0,7100.0,249.0,739.0,1175.0,39.2,170.0,50.2
2021-01-15,40952000.0,337.0,74.2,8800.0,251.0,723.0,1375.0,31.8,168.0,48.9
2021-01-16,40086000.0,390.0,81.6,10080.0,257.0,764.0,1425.0,30.5,172.0,50.1
2021-01-17,39536000.0,421.0,81.1,9415.0,257.0,767.0,1365.0,28.7,172.0,48.6
2021-01-18,40008000.0,405.0,85.8,10380.0,266.0,781.0,1455.0,29.2,172.0,64.5
2021-01-19,39586000.0,405.0,81.4,9830.0,264.0,793.0,1390.0,28.4,175.0,62.9
2021-01-20,39253000.0,415.0,81.9,9850.0,255.0,783.0,1435.0,31.4,173.0,63.6
2021-01-21,34519000.0,345.0,69.8,8030.0,226.0,705.0,1555.0,30.7,161.0,56.3
2021-01-22,36345000.0,385.0,74.7,8820.0,233.0,715.0,1510.0,31.2,164.0,58.6
2021-01-23,35493000.0,382.0,75.0,9240.0,240.0,718.0,1505.0,30.1,162.0,60.0
2021-01-24,35539000.0,390.0,76.0,9115.0,247.0,738.0,1525.0,29.6,163.0,71.7
2021-01-25,36054000.0,383.0,74.6,8660.0,242.0,759.0,1480.0,31.2,162.0,74.4
2021-01-26,35923000.0,379.0,75.2,8560.0,240.0,739.0,1460.0,30.0,162.0,77.6
2021-01-27,34300000.0,353.0,70.5,7905.0,222.0,693.0,1335.0,27.3,158.0,69.2
2021-01-28,36624000.0,380.0,72.0,8845.0,232.0,726.0,1405.0,30.9,161.0,71.2
2021-01-29,37523000.0,381.0,73.7,8740.0,232.0,769.0,1380.0,30.0,161.0,70.0
2021-01-30,37087000.0,392.0,78.6,8690.0,227.0,751.0,1480.0,28.5,159.0,75.6
2021-01-31,36408000.0,379.0,75.9,8950.0,225.0,808.0,1420.0,28.3,161.0,72.1
2021-02-01,36618000.0,449.0,81.6,10070.0,221.0,760.0,1545.0,27.3,159.0,70.2
2021-02-02,37910000.0,454.0,83.2,9525.0,226.0,763.0,1515.0,28.2,161.0,69.6
2021-02-03,39357000.0,463.0,83.6,9750.0,240.0,795.0,1555.0,29.2,165.0,70.4
2021-02-04,39810000.0,472.0,82.2,9875.0,242.0,858.0,1680.0,31.5,165.0,68.7
2021-02-05,40424000.0,570.0,87.5,12870.0,262.0,1000.0,2115.0,37.0,172.0,76.4
2021-02-06,41725000.0,673.0,84.0,12850.0,277.0,1050.0,1890.0,34.0,173.0,77.1
2021-02-07,41921000.0,715.0,82.4,14930.0,270.0,969.0,1900.0,33.2,169.0,74.5
2021-02-08,49070000.0,718.0,84.4,14980.0,281.0,950.0,1940.0,33.5,170.0,74.6
2021-02-09,48779000.0,739.0,109.0,15780.0,299.0,1080.0,2100.0,34.9,176.0,76.4
2021-02-10,48550000.0,1005.0,113.0,16220.0,331.0,1140.0,2540.0,37.9,179.0,83.6
2021-02-11,51370000.0,1000.0,124.0,18880.0,369.0,1230.0,2535.0,40.6,188.0,93.5
2021-02-12,50836000.0,992.0,126.0,22640.0,372.0,1325.0,2565.0,42.2,195.0,123.0
2021-02-13,50626000.0,979.0,158.0,21810.0,425.0,1375.0,2600.0,43.8,209.0,127.0
2021-02-14,52706000.0,915.0,146.0,20750.0,398.0,2295.0,2320.0,43.6,205.0,120.0
2021-02-15,52532000.0,943.0,144.0,24670.0,377.0,2210.0,2310.0,41.2,196.0,124.0
2021-02-16,54760000.0,970.0,147.0,27960.0,475.0,2225.0,2290.0,41.6,216.0,122.0
2021-02-17,57484000.0,978.0,151.0,26250.0,453.0,2225.0,2335.0,47.2,356.0,123.0
2021-02-18,57852000.0,1020.0,157.0,25960.0,496.0,2380.0,2490.0,61.7,417.0,167.0
2021-02-19,63649000.0,1055.0,170.0,26190.0,512.0,2930.0,2510.0,63.1,403.0,178.0
2021-02-20,64251000.0,1285.0,157.0,24940.0,522.0,3025.0,2395.0,64.9,400.0,170.0
2021-02-21,65417000.0,1250.0,158.0,24700.0,733.0,3125.0,2500.0,70.4,421.0,174.0
2021-02-22,61744000.0,1250.0,141.0,23720.0,621.0,2745.0,2250.0,61.0,364.0,150.0
2021-02-23,55105000.0,1085.0,118.0,21840.0,500.0,2015.0,1795.0,44.9,293.0,116.0
2021-02-24,56500000.0,1195.0,128.0,21780.0,609.0,2160.0,1860.0,47.1,304.0,131.0
2021-02-25,54168000.0,1225.0,124.0,20260.0,580.0,2235.0,1885.0,49.2,318.0,128.0
2021-02-26,53804000.0,1450.0,128.0,22020.0,567.0,2700.0,1915.0,56.0,345.0,131.0
2021-02-27,53494000.0,1525.0,135.0,22210.0,570.0,2665.0,1960.0,66.0,371.0,149.0
2021-02-28,51798000.0,1505.0,124.0,20220.0,595.0,2725.0,1805.0,57.0,323.0,128.0
2021-03-01,56426000.0,1475.0,131.0,21320.0,602.0,2775.0,1925.0,61.5,343.0,136.0
2021-03-02,56000000.0,1415.0,132.0,21810.0,579.0,2685.0,1935.0,71.0,344.0,137.0
2021-03-03,57933000.0,1410.0,146.0,24600.0,600.0,2740.0,2115.0,72.7,420.0,145.0
2021-03-04,56426000.0,1300.0,139.0,21980.0,649.0,2685.0,2345.0,74.7,460.0,161.0
2021-03-05,56654000.0,1345.0,135.0,21720.0,810.0,2635.0,2455.0,86.0,593.0,158.0
2021-03-06,56225000.0,1300.0,134.0,21790.0,878.0,2960.0,2370.0,82.4,565.0,154.0
2021-03-07,58155000.0,1290.0,134.0,22250.0,901.0,2865.0,2370.0,84.0,584.0,156.0
2021-03-08,59821000.0,1290.0,143.0,22190.0,877.0,2810.0,2475.0,96.4,628.0,157.0
2021-03-09,62949000.0,1370.0,155.0,24240.0,881.0,2845.0,2505.0,101.0,657.0,174.0
2021-03-10,64350000.0,1305.0,147.0,22670.0,881.0,2710.0,2375.0,95.8,627.0,162.0
2021-03-11,66208000.0,1290.0,203.0,22200.0,860.0,2655.0,2525.0,99.1,714.0,163.0
2021-03-12,66607000.0,1205.0,190.0,21580.0,864.0,2615.0,2570.0,103.0,761.0,176.0
2021-03-13,70615000.0,1270.0,212.0,22450.0,895.0,2675.0,2670.0,110.0,764.0,196.0
2021-03-14,68587000.0,1225.0,192.0,21430.0,902.0,2550.0,2515.0,106.0,773.0,194.0
2021-03-15,64487000.0,1190.0,187.0,22960.0,854.0,2470.0,2380.0,123.0,918.0,187.0
2021-03-16,66020000.0,1455.0,181.0,24430.0,841.0,2420.0,2575.0,127.0,990.0,188.0
2021-03-17,68494000.0,1600.0,234.0,24360.0,903.0,2595.0,3210.0,143.0,930.0,190.0
2021-03-18,67139000.0,1435.0,209.0,25710.0,893.0,2545.0,3240.0,139.0,906.0,205.0
2021-03-19,67974000.0,1515.0,216.0,25990.0,955.0,2600.0,3400.0,198.0,1015.0,212.0
2021-03-20,67849000.0,1400.0,198.0,24400.0,888.0,2445.0,3175.0,236.0,908.0,193.0
2021-03-21,67120000.0,1390.0,204.0,24000.0,924.0,2495.0,3205.0,276.0,987.0,205.0
2021-03-22,64725000.0,1315.0,193.0,22910.0,958.0,2495.0,3425.0,236.0,1640.0,204.0
2021-03-23,65458000.0,1350.0,201.0,22610.0,1030.0,2940.0,3215.0,254.0,1825.0,215.0
2021-03-24,64777000.0,1320.0,194.0,21650.0,910.0,2650.0,2930.0,225.0,1570.0,191.0
2021-03-25,63328000.0,1350.0,191.0,21100.0,863.0,2505.0,2815.0,216.0,1540.0,184.0
2021-03-26,65675000.0,1455.0,201.0,22600.0,900.0,2670.0,2935.0,252.0,1605.0,191.0
2021-03-27,66591000.0,1410.0,200.0,22310.0,1060.0,2795.0,2950.0,285.0,1610.0,193.0
2021-03-28,67133000.0,1430.0,207.0,23290.0,1060.0,3780.0,3200.0,338.0,1665.0,205.0
2021-03-29,68701000.0,1430.0,212.0,24210.0,1115.0,3905.0,3310.0,348.0,1720.0,230.0
2021-03-30,70800000.0,1460.0,222.0,24110.0,1220.0,6430.0,3385.0,387.0,2055.0,247.0
2021-03-31,71513000.0,1455.0,215.0,23310.0,1255.0,6440.0,3325.0,349.0,2420.0,246.0
2021-04-01,72749000.0,1465.0,220.0,24050.0,1205.0,6310.0,3625.0,344.0,3045.0,261.0
2021-04-02,73855000.0,1495.0,254.0,25520.0,1360.0,6185.0,3820.0,353.0,3910.0,302.0
2021-04-03,72187000.0,1470.0,228.0,25400.0,1400.0,5625.0,4120.0,342.0,4160.0,257.0
2021-04-04,73974000.0,1505.0,283.0,27410.0,1545.0,5905.0,4300.0,356.0,4335.0,299.0
2021-04-05,78770000.0,1680.0,282.0,28720.0,1560.0,5400.0,4380.0,310.0,3500.0,279.0
2021-04-06,77944000.0,1690.0,275.0,29090.0,1470.0,5515.0,4625.0,287.0,3565.0,263.0
2021-04-07,72850000.0,1520.0,249.0,25480.0,1260.0,4400.0,3985.0,210.0,2625.0,217.0
2021-04-08,75316000.0,1585.0,269.0,26670.0,1410.0,5100.0,4320.0,253.0,3430.0,246.0
2021-04-09,76066000.0,1575.0,288.0,28040.0,1560.0,5645.0,4465.0,298.0,3570.0,275.0
2021-04-10,78530000.0,1605.0,274.0,27600.0,1620.0,6100.0,4955.0,279.0,3340.0,280.0
2021-04-11,78743000.0,1660.0,270.0,30740.0,1595.0,5630.0,4820.0,266.0,3220.0,264.0
2021-04-12,78178000.0,1720.0,257.0,28750.0,1525.0,5870.0,4610.0,258.0,3110.0,253.0
2021-04-13,80736000.0,1795.0,263.0,30300.0,1480.0,5430.0,4560.0,253.0,3000.0,244.0
2021-04-14,80401000.0,1860.0,256.0,34630.0,1455.0,5660.0,4370.0,229.0,2665.0,231.0
2021-04-15,79670000.0,1860.0,272.0,35160.0,1585.0,5770.0,4495.0,243.0,2905.0,241.0
2021-04-16,79351000.0,1840.0,312.0,33200.0,1765.0,5340.0,4705.0,221.0,2660.0,228.0
2021-04-17,77905000.0,1775.0,287.0,31630.0,1705.0,5150.0,4345.0,224.0,2705.0,233.0
2021-04-18,75643000.0,1715.0,272.0,28880.0,1735.0,4685.0,4080.0,233.0,2415.0,207.0
2021-04-19,71456000.0,1540.0,234.0,24740.0,1455.0,4460.0,3605.0,204.0,2305.0,184.0
2021-04-20,70402000.0,1580.0,239.0,26470.0,1395.0,4695.0,3665.0,195.0,2185.0,182.0
2021-04-21,68198000.0,1520.0,224.0,24830.0,1335.0,4645.0,3845.0,205.0,2210.0,181.0
2021-04-22,59962000.0,1325.0,187.0,21760.0,973.0,3370.0,3015.0,156.0,1875.0,148.0
2021-04-23,60900000.0,1380.0,190.0,24350.0,952.0,3525.0,3020.0,148.0,1845.0,147.0
2021-04-24,60853000.0,1345.0,175.0,22390.0,904.0,3390.0,2870.0,140.0,1700.0,136.0
2021-04-25,59859000.0,1330.0,174.0,22840.0,922.0,3545.0,2940.0,158.0,2100.0,149.0
2021-04-26,64198000.0,1470.0,196.0,26220.0,1060.0,4275.0,3315.0,229.0,2360.0,171.0
2021-04-27,64767000.0,1535.0,251.0,27170.0,1140.0,4365.0,3800.0,234.0,2460.0,178.0
2021-04-28,64100000.0,1565.0,233.0,26830.0,1090.0,4190.0,3640.0,217.0,2290.0,174.0
2021-04-29,63814000.0,1560.0,229.0,26420.0,1115.0,4260.0,3685.0,210.0,2220.0,182.0
2021-04-30,67939000.0,1590.0,242.0,26710.0,1195.0,4330.0,3840.0,214.0,2270.0,188.0
2021-05-01,69049000.0,1615.0,251.0,28340.0,1195.0,4260.0,3965.0,214.0,2250.0,188.0
2021-05-02,68452000.0,1600.0,246.0,27900.0,1215.0,4245.0,3845.0,212.0,2275.0,189.0
2021-05-03,69996000.0,1670.0,259.0,28130.0,1230.0,4490.0,4190.0,215.0,2305.0,196.0
2021-05-04,66829000.0,1590.0,243.0,26380.0,1090.0,4750.0,3740.0,192.0,2065.0,175.0
2021-05-05,68679000.0,1765.0,253.0,29740.0,1185.0,4780.0,3935.0,193.0,2115.0,177.0
2021-05-06,68767000.0,2030.0,285.0,31210.0,1340.0,4640.0,4330.0,181.0,2145.0,181.0
2021-05-07,68563000.0,1980.0,271.0,34230.0,1275.0,5165.0,4205.0,184.0,2120.0,179.0
2021-05-08,71740000.0,1975.0,286.0,35970.0,1265.0,5425.0,4200.0,177.0,2080.0,184.0
2021-05-09,71505000.0,2170.0,289.0,35190.0,1280.0,5170.0,4130.0,184.0,2225.0,176.0
2021-05-10,70902000.0,2085.0,263.0,32190.0,1150.0,5300.0,4150.0,164.0,2000.0,160.0
2021-05-11,69741000.0,2175.0,271.0,33020.0,1205.0,5310.0,4180.0,172.0,2065.0,165.0
2021-05-12,62257000.0,1935.0,223.0,28690.0,976.0,4300.0,3585.0,141.0,1815.0,141.0
2021-05-13,63069000.0,2435.0,231.0,29820.0,1030.0,4520.0,3750.0,152.0,1895.0,148.0
2021-05-14,61797000.0,2475.0,245.0,31970.0,1040.0,4560.0,3835.0,169.0,1960.0,154.0
2021-05-15,58807000.0,2715.0,226.0,30740.0,979.0,4240.0,3485.0,156.0,1840.0,143.0
2021-05-16,57649000.0,2865.0,221.0,30100.0,972.0,4105.0,3340.0,152.0,1810.0,150.0
2021-05-17,54057000.0,2530.0,203.0,26210.0,865.0,3690.0,3020.0,145.0,1660.0,132.0
2021-05-18,53419000.0,2495.0,214.0,28350.0,907.0,4025.0,3410.0,157.0,1745.0,138.0
2021-05-19,50379000.0,2025.0,151.0,19010.0,714.0,3275.0,2525.0,129.0,1520.0,107.0
2021-05-20,51320000.0,2275.0,198.0,21390.0,3195.0,3615.0,2695.0,139.0,1740.0,116.0
2021-05-21,49112000.0,2040.0,175.0,17910.0,1780.0,3790.0,2530.0,162.0,1900.0,127.0
2021-05-22,47460000.0,1850.0,153.0,15550.0,1130.0,3560.0,2185.0,167.0,1850.0,137.0
2021-05-23,42585000.0,1615.0,119.0,14310.0,923.0,3220.0,1765.0,179.0,1485.0,105.0
2021-05-24,46963000.0,1875.0,135.0,17570.0,1115.0,3335.0,2095.0,163.0,1605.0,108.0
2021-05-25,47047000.0,1910.0,133.0,17110.0,1285.0,3220.0,2115.0,148.0,1735.0,105.0
2021-05-26,47325000.0,2135.0,161.0,18350.0,1415.0,3370.0,2425.0,154.0,2085.0,110.0
2021-05-27,46563000.0,2005.0,147.0,17600.0,1290.0,3295.0,2270.0,149.0,1875.0,114.0
2021-05-28,43723000.0,1855.0,136.0,15590.0,1405.0,3060.0,1975.0,139.0,1650.0,101.0
2021-05-29,42688000.0,1735.0,127.0,14930.0,1285.0,3060.0,1895.0,130.0,1565.0,94.6
2021-05-30,43177000.0,1910.0,128.0,15270.0,1255.0,2970.0,1905.0,129.0,1610.0,92.3
2021-05-31,43761000.0,2030.0,136.0,16350.0,1245.0,2955.0,1985.0,130.0,1655.0,92.7
2021-06-01,43200000.0,2040.0,139.0,16210.0,1195.0,2895.0,2385.0,125.0,1600.0,90.9
2021-06-02,43732000.0,2070.0,144.0,16280.0,1235.0,2900.0,2875.0,129.0,1605.0,92.6
2021-06-03,43502000.0,,,,,,2795.0,128.0,1585.0,90.8
