,ds,y
0,2017-09-25,4322000.0
1,2017-09-26,4321000.0
2,2017-09-27,4657000.0
3,2017-09-28,4586000.0
4,2017-09-29,4657000.0
5,2017-09-30,4895000.0
6,2017-10-01,4962000.0
7,2017-10-02,5025000.0
8,2017-10-03,4964000.0
9,2017-10-04,4895000.0
10,2017-10-05,4926000.0
11,2017-10-06,5027000.0
12,2017-10-07,5047000.0
13,2017-10-08,5217000.0
14,2017-10-09,5477000.0
15,2017-10-10,5486000.0
16,2017-10-11,5557000.0
17,2017-10-12,6332000.0
18,2017-10-13,6438000.0
19,2017-10-14,6664000.0
20,2017-10-15,6381000.0
21,2017-10-16,6491000.0
22,2017-10-17,6457000.0
23,2017-10-18,6391000.0
24,2017-10-19,6511000.0
25,2017-10-20,6928000.0
26,2017-10-21,6874000.0
27,2017-10-22,7039000.0
28,2017-10-23,6971000.0
29,2017-10-24,6479000.0
30,2017-10-25,6643000.0
31,2017-10-26,6811000.0
32,2017-10-27,6710000.0
33,2017-10-28,6715000.0
34,2017-10-29,6961000.0
35,2017-10-30,6964000.0
36,2017-10-31,7422000.0
37,2017-11-01,7798000.0
38,2017-11-02,8217000.0
39,2017-11-03,8143000.0
40,2017-11-04,8346000.0
41,2017-11-05,8453000.0
42,2017-11-06,8060000.0
43,2017-11-07,8243000.0
44,2017-11-08,8339000.0
45,2017-11-09,8148000.0
46,2017-11-10,7541000.0
47,2017-11-11,7231000.0
48,2017-11-12,7132000.0
49,2017-11-13,7487000.0
50,2017-11-14,7591000.0
51,2017-11-15,8350000.0
52,2017-11-16,8710000.0
53,2017-11-17,8541000.0
54,2017-11-18,8618000.0
55,2017-11-19,8770000.0
56,2017-11-20,9025000.0
57,2017-11-21,8944000.0
58,2017-11-22,9084000.0
59,2017-11-23,8943000.0
60,2017-11-24,9195000.0
61,2017-11-25,9879000.0
62,2017-11-26,10344000.0
63,2017-11-27,11314000.0
64,2017-11-28,12048000.0
65,2017-11-29,11104000.0
66,2017-11-30,11935000.0
67,2017-12-01,12532000.0
68,2017-12-02,12971000.0
69,2017-12-03,13128000.0
70,2017-12-04,13684000.0
71,2017-12-05,14645000.0
72,2017-12-06,18390000.0
73,2017-12-07,23791000.0
74,2017-12-08,20260000.0
75,2017-12-09,17769000.0
76,2017-12-10,17661000.0
77,2017-12-11,19307000.0
78,2017-12-12,18940000.0
79,2017-12-13,18358000.0
80,2017-12-14,18660000.0
81,2017-12-15,20075000.0
82,2017-12-16,22205000.0
83,2017-12-17,21881000.0
84,2017-12-18,22087000.0
85,2017-12-19,22367000.0
86,2017-12-20,22638000.0
87,2017-12-21,22200000.0
88,2017-12-22,19089000.0
89,2017-12-23,20525000.0
90,2017-12-24,19592000.0
91,2017-12-25,19822000.0
92,2017-12-26,21933000.0
93,2017-12-27,21970000.0
94,2017-12-28,19565000.0
95,2017-12-29,19290000.0
96,2017-12-30,18415000.0
97,2017-12-31,19280000.0
98,2018-01-01,18860000.0
99,2018-01-02,20263000.0
100,2018-01-03,20900000.0
101,2018-01-04,23402000.0
102,2018-01-05,27444000.0
103,2018-01-06,26924000.0
104,2018-01-07,25859000.0
105,2018-01-08,25230000.0
106,2018-01-09,24016000.0
107,2018-01-10,21317000.0
108,2018-01-11,19389000.0
109,2018-01-12,20745000.0
110,2018-01-13,21135000.0
111,2018-01-14,19206000.0
112,2018-01-15,19106000.0
113,2018-01-16,14279000.0
114,2018-01-17,14951000.0
115,2018-01-18,14880000.0
116,2018-01-19,15372000.0
117,2018-01-20,16858000.0
118,2018-01-21,14640000.0
119,2018-01-22,13944000.0
120,2018-01-23,13141000.0
121,2018-01-24,13450000.0
122,2018-01-25,12973000.0
123,2018-01-26,12876000.0
124,2018-01-27,12900000.0
125,2018-01-28,13352000.0
126,2018-01-29,12909000.0
127,2018-01-30,11627000.0
128,2018-01-31,11429000.0
129,2018-02-01,10070000.0
130,2018-02-02,9410000.0
131,2018-02-03,9520000.0
132,2018-02-04,8900000.0
133,2018-02-05,7832000.0
134,2018-02-06,8642000.0
135,2018-02-07,8387000.0
136,2018-02-08,9480000.0
137,2018-02-09,9929000.0
138,2018-02-10,9959000.0
139,2018-02-11,9320000.0
140,2018-02-12,10140000.0
141,2018-02-13,9906000.0
142,2018-02-14,10473000.0
143,2018-02-15,11357000.0
144,2018-02-16,11462000.0
145,2018-02-17,12300000.0
146,2018-02-18,11966000.0
147,2018-02-19,12649000.0
148,2018-02-20,13548000.0
149,2018-02-21,12815000.0
150,2018-02-22,11763000.0
151,2018-02-23,12065000.0
152,2018-02-24,11553000.0
153,2018-02-25,11230000.0
154,2018-02-26,11773000.0
155,2018-02-27,11951000.0
156,2018-02-28,11860000.0
157,2018-03-01,12214000.0
158,2018-03-02,12465000.0
159,2018-03-03,12831000.0
160,2018-03-04,12592000.0
161,2018-03-05,12746000.0
162,2018-03-06,12023000.0
163,2018-03-07,11200000.0
164,2018-03-08,10517000.0
165,2018-03-09,10418000.0
166,2018-03-10,9863000.0
167,2018-03-11,10520000.0
168,2018-03-12,10213000.0
169,2018-03-13,10168000.0
170,2018-03-14,9153000.0
171,2018-03-15,9115000.0
172,2018-03-16,9095000.0
173,2018-03-17,8667000.0
174,2018-03-18,9018000.0
175,2018-03-19,9718000.0
176,2018-03-20,9829000.0
177,2018-03-21,9919000.0
178,2018-03-22,9783000.0
179,2018-03-23,9847000.0
180,2018-03-24,9580000.0
181,2018-03-25,9477000.0
182,2018-03-26,9052000.0
183,2018-03-27,8651000.0
184,2018-03-28,8730000.0
185,2018-03-29,7915000.0
186,2018-03-30,7602000.0
187,2018-03-31,7697000.0
188,2018-04-01,7482000.0
189,2018-04-02,7710000.0
190,2018-04-03,8092000.0
191,2018-04-04,7492000.0
192,2018-04-05,7408000.0
193,2018-04-06,7280000.0
194,2018-04-07,7533000.0
195,2018-04-08,7622000.0
196,2018-04-09,7450000.0
197,2018-04-10,7428000.0
198,2018-04-11,7429000.0
199,2018-04-12,8121000.0
200,2018-04-13,8375000.0
201,2018-04-14,8350000.0
202,2018-04-15,8663000.0
203,2018-04-16,8663000.0
204,2018-04-17,8450000.0
205,2018-04-18,8652000.0
206,2018-04-19,8994000.0
207,2018-04-20,9552000.0
208,2018-04-21,9735000.0
209,2018-04-22,9602000.0
210,2018-04-23,9760000.0
211,2018-04-24,10505000.0
212,2018-04-25,9829000.0
213,2018-04-26,10130000.0
214,2018-04-27,9819000.0
215,2018-04-28,10043000.0
216,2018-04-29,10187000.0
217,2018-04-30,10138000.0
218,2018-05-01,9896000.0
219,2018-05-02,10032000.0
220,2018-05-03,10683000.0
221,2018-05-04,10645000.0
222,2018-05-05,10820000.0
223,2018-05-06,10684000.0
224,2018-05-07,10422000.0
225,2018-05-08,10233000.0
226,2018-05-09,10405000.0
227,2018-05-10,9976000.0
228,2018-05-11,9256000.0
229,2018-05-12,9481000.0
230,2018-05-13,9803000.0
231,2018-05-14,9797000.0
232,2018-05-15,9500000.0
233,2018-05-16,9297000.0
234,2018-05-17,9090000.0
235,2018-05-18,9165000.0
236,2018-05-19,9112000.0
237,2018-05-20,9370000.0
238,2018-05-21,9345000.0
239,2018-05-22,8940000.0
240,2018-05-23,8483000.0
241,2018-05-24,8415000.0
242,2018-05-25,8317000.0
243,2018-05-26,8162000.0
244,2018-05-27,8182000.0
245,2018-05-28,7903000.0
246,2018-05-29,8299000.0
247,2018-05-30,8207000.0
248,2018-05-31,8282000.0
249,2018-06-01,8282000.0
250,2018-06-02,8339000.0
251,2018-06-03,8419000.0
252,2018-06-04,8248000.0
253,2018-06-05,8360000.0
254,2018-06-06,8359000.0
255,2018-06-07,8375000.0
256,2018-06-08,8341000.0
257,2018-06-09,8233000.0
258,2018-06-10,7576000.0
259,2018-06-11,7635000.0
260,2018-06-12,7350000.0
261,2018-06-13,7040000.0
262,2018-06-14,7355000.0
263,2018-06-15,7180000.0
264,2018-06-16,7277000.0
265,2018-06-17,7218000.0
266,2018-06-18,7461000.0
267,2018-06-19,7553000.0
268,2018-06-20,7538000.0
269,2018-06-21,7511000.0
270,2018-06-22,6962000.0
271,2018-06-23,7030000.0
272,2018-06-24,6992000.0
273,2018-06-25,7036000.0
274,2018-06-26,6900000.0
275,2018-06-27,6925000.0
276,2018-06-28,6682000.0
277,2018-06-29,6958000.0
278,2018-06-30,7164000.0
279,2018-07-01,7109000.0
280,2018-07-02,7297000.0
281,2018-07-03,7298000.0
282,2018-07-04,7329000.0
283,2018-07-05,7377000.0
284,2018-07-06,7480000.0
285,2018-07-07,7550000.0
286,2018-07-08,7516000.0
287,2018-07-09,7474000.0
288,2018-07-10,7140000.0
289,2018-07-11,7226000.0
290,2018-07-12,7090000.0
291,2018-07-13,7054000.0
292,2018-07-14,7109000.0
293,2018-07-15,7178000.0
294,2018-07-16,7454000.0
295,2018-07-17,8080000.0
296,2018-07-18,8302000.0
297,2018-07-19,8443000.0
298,2018-07-20,8351000.0
299,2018-07-21,8367000.0
300,2018-07-22,8349000.0
301,2018-07-23,8752000.0
302,2018-07-24,9452000.0
303,2018-07-25,9158000.0
304,2018-07-26,8950000.0
305,2018-07-27,9122000.0
306,2018-07-28,9225000.0
307,2018-07-29,9238000.0
308,2018-07-30,9270000.0
309,2018-07-31,8800000.0
310,2018-08-01,8726000.0
311,2018-08-02,8731000.0
312,2018-08-03,8508000.0
313,2018-08-04,8074000.0
314,2018-08-05,8077000.0
315,2018-08-06,7982000.0
316,2018-08-07,7760000.0
317,2018-08-08,7308000.0
318,2018-08-09,7543000.0
319,2018-08-10,7230000.0
320,2018-08-11,7325000.0
321,2018-08-12,7395000.0
322,2018-08-13,7387000.0
323,2018-08-14,7233000.0
324,2018-08-15,7332000.0
325,2018-08-16,7337000.0
326,2018-08-17,7496000.0
327,2018-08-18,7391000.0
328,2018-08-19,7431000.0
329,2018-08-20,7255000.0
330,2018-08-21,7375000.0
331,2018-08-22,7289000.0
332,2018-08-23,7439000.0
333,2018-08-24,7561000.0
334,2018-08-25,7604000.0
335,2018-08-26,7547000.0
336,2018-08-27,7688000.0
337,2018-08-28,7839000.0
338,2018-08-29,7825000.0
339,2018-08-30,7856000.0
340,2018-08-31,7865000.0
341,2018-09-01,8001000.0
342,2018-09-02,8113000.0
343,2018-09-03,8125000.0
344,2018-09-04,8271000.0
345,2018-09-05,7699000.0
346,2018-09-06,7523000.0
347,2018-09-07,7382000.0
348,2018-09-08,7206000.0
349,2018-09-09,7232000.0
350,2018-09-10,7274000.0
351,2018-09-11,7239000.0
352,2018-09-12,7234000.0
353,2018-09-13,7355000.0
354,2018-09-14,7359000.0
355,2018-09-15,7363000.0
356,2018-09-16,7356000.0
357,2018-09-17,7191000.0
358,2018-09-18,7234000.0
359,2018-09-19,7245000.0
360,2018-09-20,7311000.0
361,2018-09-21,7537000.0
362,2018-09-22,7540000.0
363,2018-09-23,7500000.0
364,2018-09-24,7430000.0
365,2018-09-25,7299000.0
366,2018-09-26,7300000.0
367,2018-09-27,7447000.0
368,2018-09-28,7408000.0
369,2018-09-29,7360000.0
370,2018-09-30,7393000.0
371,2018-10-01,7375000.0
372,2018-10-02,7369000.0
373,2018-10-03,7386000.0
374,2018-10-04,7481000.0
375,2018-10-05,7503000.0
376,2018-10-06,7485000.0
377,2018-10-07,7482000.0
378,2018-10-08,7542000.0
379,2018-10-09,7527000.0
380,2018-10-10,7472000.0
381,2018-10-11,7187000.0
382,2018-10-12,7183000.0
383,2018-10-13,7189000.0
384,2018-10-14,7198000.0
385,2018-10-15,7413000.0
386,2018-10-16,7352000.0
387,2018-10-17,7327000.0
388,2018-10-18,7343000.0
389,2018-10-19,7291000.0
390,2018-10-20,7302000.0
391,2018-10-21,7311000.0
392,2018-10-22,7297000.0
393,2018-10-23,7270000.0
394,2018-10-24,7296000.0
395,2018-10-25,7272000.0
396,2018-10-26,7276000.0
397,2018-10-27,7284000.0
398,2018-10-28,7258000.0
399,2018-10-29,7097000.0
400,2018-10-30,7140000.0
401,2018-10-31,7162000.0
402,2018-11-01,7186000.0
403,2018-11-02,7179000.0
404,2018-11-03,7150000.0
405,2018-11-04,7213000.0
406,2018-11-05,7198000.0
407,2018-11-06,7231000.0
408,2018-11-07,7310000.0
409,2018-11-08,7282000.0
410,2018-11-09,7243000.0
411,2018-11-10,7237000.0
412,2018-11-11,7253000.0
413,2018-11-12,7249000.0
414,2018-11-13,7248000.0
415,2018-11-14,6782000.0
416,2018-11-15,6529000.0
417,2018-11-16,6425000.0
418,2018-11-17,6385000.0
419,2018-11-18,6431000.0
420,2018-11-19,5618000.0
421,2018-11-20,5177000.0
422,2018-11-21,5274000.0
423,2018-11-22,4965000.0
424,2018-11-23,5013000.0
425,2018-11-24,4492000.0
426,2018-11-25,4616000.0
427,2018-11-26,4371000.0
428,2018-11-27,4380000.0
429,2018-11-28,4800000.0
430,2018-11-29,4840000.0
431,2018-11-30,4565000.0
432,2018-12-01,4721000.0
433,2018-12-02,4685000.0
434,2018-12-03,4387000.0
435,2018-12-04,4457000.0
436,2018-12-05,4262000.0
437,2018-12-06,3965000.0
438,2018-12-07,3868000.0
439,2018-12-08,3875000.0
440,2018-12-09,4013000.0
441,2018-12-10,3895000.0
442,2018-12-11,3822000.0
443,2018-12-12,3888000.0
444,2018-12-13,3721000.0
445,2018-12-14,3642000.0
446,2018-12-15,3619000.0
447,2018-12-16,3637000.0
448,2018-12-17,3923000.0
449,2018-12-18,4088000.0
450,2018-12-19,4124000.0
451,2018-12-20,4552000.0
452,2018-12-21,4333000.0
453,2018-12-22,4464000.0
454,2018-12-23,4439000.0
455,2018-12-24,4539000.0
456,2018-12-25,4243000.0
457,2018-12-26,4293000.0
458,2018-12-27,4124000.0
459,2018-12-28,4338000.0
460,2018-12-29,4200000.0
461,2018-12-30,4291000.0
462,2018-12-31,4200000.0
463,2019-01-01,4288000.0
464,2019-01-02,4347000.0
465,2019-01-03,4284000.0
466,2019-01-04,4303000.0
467,2019-01-05,4294000.0
468,2019-01-06,4520000.0
469,2019-01-07,4499000.0
470,2019-01-08,4480000.0
471,2019-01-09,4458000.0
472,2019-01-10,4087000.0
473,2019-01-11,4101000.0
474,2019-01-12,4098000.0
475,2019-01-13,3963000.0
476,2019-01-14,4098000.0
477,2019-01-15,4034000.0
478,2019-01-16,4052000.0
479,2019-01-17,4075000.0
480,2019-01-18,4046000.0
481,2019-01-19,4115000.0
482,2019-01-20,3984000.0
483,2019-01-21,3973000.0
484,2019-01-22,4013000.0
485,2019-01-23,3996000.0
486,2019-01-24,3983000.0
487,2019-01-25,3957000.0
488,2019-01-26,3963000.0
489,2019-01-27,3951000.0
490,2019-01-28,3828000.0
491,2019-01-29,3795000.0
492,2019-01-30,3810000.0
493,2019-01-31,3775000.0
494,2019-02-01,3816000.0
495,2019-02-02,3855000.0
496,2019-02-03,3821000.0
497,2019-02-04,3822000.0
498,2019-02-05,3835000.0
499,2019-02-06,3791000.0
500,2019-02-07,3783000.0
501,2019-02-08,4009000.0
502,2019-02-09,3998000.0
503,2019-02-10,4023000.0
504,2019-02-11,3986000.0
505,2019-02-12,3981000.0
506,2019-02-13,3983000.0
507,2019-02-14,3984000.0
508,2019-02-15,3986000.0
509,2019-02-16,4002000.0
510,2019-02-17,4040000.0
511,2019-02-18,4236000.0
512,2019-02-19,4259000.0
513,2019-02-20,4315000.0
514,2019-02-21,4328000.0
515,2019-02-22,4346000.0
516,2019-02-23,4479000.0
517,2019-02-24,4178000.0
518,2019-02-25,4255000.0
519,2019-02-26,4228000.0
520,2019-02-27,4259000.0
521,2019-02-28,4240000.0
522,2019-03-01,4248000.0
523,2019-03-02,4253000.0
524,2019-03-03,4239000.0
525,2019-03-04,4155000.0
526,2019-03-05,4249000.0
527,2019-03-06,4260000.0
528,2019-03-07,4289000.0
529,2019-03-08,4310000.0
530,2019-03-09,4352000.0
531,2019-03-10,4336000.0
532,2019-03-11,4337000.0
533,2019-03-12,4326000.0
534,2019-03-13,4325000.0
535,2019-03-14,4337000.0
536,2019-03-15,4359000.0
537,2019-03-16,4445000.0
538,2019-03-17,4425000.0
539,2019-03-18,4458000.0
540,2019-03-19,4486000.0
541,2019-03-20,4533000.0
542,2019-03-21,4491000.0
543,2019-03-22,4490000.0
544,2019-03-23,4507000.0
545,2019-03-24,4525000.0
546,2019-03-25,4487000.0
547,2019-03-26,4493000.0
548,2019-03-27,4548000.0
549,2019-03-28,4550000.0
550,2019-03-29,4641000.0
551,2019-03-30,4636000.0
552,2019-03-31,4661000.0
553,2019-04-01,4711000.0
554,2019-04-02,5411000.0
555,2019-04-03,5594000.0
556,2019-04-04,5571000.0
557,2019-04-05,5685000.0
558,2019-04-06,5793000.0
559,2019-04-07,5910000.0
560,2019-04-08,6091000.0
561,2019-04-09,6000000.0
562,2019-04-10,6166000.0
563,2019-04-11,5860000.0
564,2019-04-12,5897000.0
565,2019-04-13,5889000.0
566,2019-04-14,5958000.0
567,2019-04-15,5860000.0
568,2019-04-16,6024000.0
569,2019-04-17,6004000.0
570,2019-04-18,6070000.0
571,2019-04-19,6087000.0
572,2019-04-20,6141000.0
573,2019-04-21,6145000.0
574,2019-04-22,6237000.0
575,2019-04-23,6450000.0
576,2019-04-24,6415000.0
577,2019-04-25,6120000.0
578,2019-04-26,6137000.0
579,2019-04-27,6114000.0
580,2019-04-28,6138000.0
581,2019-04-29,6029000.0
582,2019-04-30,6117000.0
583,2019-05-01,6192000.0
584,2019-05-02,6327000.0
585,2019-05-03,6596000.0
586,2019-05-04,6719000.0
587,2019-05-05,6704000.0
588,2019-05-06,6620000.0
589,2019-05-07,6753000.0
590,2019-05-08,6959000.0
591,2019-05-09,7273000.0
592,2019-05-10,7495000.0
593,2019-05-11,8368000.0
594,2019-05-12,8170000.0
595,2019-05-13,9230000.0
596,2019-05-14,9499000.0
597,2019-05-15,9606000.0
598,2019-05-16,9465000.0
599,2019-05-17,8891000.0
600,2019-05-18,8823000.0
601,2019-05-19,9712000.0
602,2019-05-20,9581000.0
603,2019-05-21,9509000.0
604,2019-05-22,9309000.0
605,2019-05-23,9491000.0
606,2019-05-24,9580000.0
607,2019-05-25,9594000.0
608,2019-05-26,10299000.0
609,2019-05-27,10376000.0
610,2019-05-28,10333000.0
611,2019-05-29,10325000.0
612,2019-05-30,10120000.0
613,2019-05-31,10383000.0
614,2019-06-01,10350000.0
615,2019-06-02,10505000.0
616,2019-06-03,9999000.0
617,2019-06-04,9486000.0
618,2019-06-05,9583000.0
619,2019-06-06,9495000.0
620,2019-06-07,9749000.0
621,2019-06-08,9733000.0
622,2019-06-09,9474000.0
623,2019-06-10,9731000.0
624,2019-06-11,9587000.0
625,2019-06-12,9803000.0
626,2019-06-13,9935000.0
627,2019-06-14,10462000.0
628,2019-06-15,10528000.0
629,2019-06-16,10710000.0
630,2019-06-17,11055000.0
631,2019-06-18,10902000.0
632,2019-06-19,11063000.0
633,2019-06-20,11349000.0
634,2019-06-21,11994000.0
635,2019-06-22,12398000.0
636,2019-06-23,12681000.0
637,2019-06-24,12891000.0
638,2019-06-25,13941000.0
639,2019-06-26,15854000.0
640,2019-06-27,14028000.0
641,2019-06-28,15307000.0
642,2019-06-29,14576000.0
643,2019-06-30,13598000.0
644,2019-07-01,13026000.0
645,2019-07-02,13205000.0
646,2019-07-03,14419000.0
647,2019-07-04,13535000.0
648,2019-07-05,13367000.0
649,2019-07-06,13607000.0
650,2019-07-07,13652000.0
651,2019-07-08,14570000.0
652,2019-07-09,14940000.0
653,2019-07-10,14595000.0
654,2019-07-11,13770000.0
655,2019-07-12,14199000.0
656,2019-07-13,13810000.0
657,2019-07-14,12425000.0
658,2019-07-15,13166000.0
659,2019-07-16,11448000.0
660,2019-07-17,11648000.0
661,2019-07-18,12659000.0
662,2019-07-19,12549000.0
663,2019-07-20,12780000.0
664,2019-07-21,12565000.0
665,2019-07-22,12310000.0
666,2019-07-23,11797000.0
667,2019-07-24,11611000.0
668,2019-07-25,11743000.0
669,2019-07-26,11680000.0
670,2019-07-27,11310000.0
671,2019-07-28,11310000.0
672,2019-07-29,11280000.0
673,2019-07-30,11323000.0
674,2019-07-31,11957000.0
675,2019-08-01,12317000.0
676,2019-08-02,12563000.0
677,2019-08-03,12773000.0
678,2019-08-04,12958000.0
679,2019-08-05,14181000.0
680,2019-08-06,13782000.0
681,2019-08-07,14219000.0
682,2019-08-08,14241000.0
683,2019-08-09,14248000.0
684,2019-08-10,13699000.0
685,2019-08-11,13876000.0
686,2019-08-12,13696000.0
687,2019-08-13,13147000.0
688,2019-08-14,12202000.0
689,2019-08-15,12619000.0
690,2019-08-16,12575000.0
691,2019-08-17,12424000.0
692,2019-08-18,12509000.0
693,2019-08-19,13165000.0
694,2019-08-20,12952000.0
695,2019-08-21,12293000.0
696,2019-08-22,12210000.0
697,2019-08-23,12443000.0
698,2019-08-24,12201000.0
699,2019-08-25,12218000.0
700,2019-08-26,12421000.0
701,2019-08-27,12208000.0
702,2019-08-28,11787000.0
703,2019-08-29,11525000.0
704,2019-08-30,11632000.0
705,2019-08-31,11612000.0
706,2019-09-01,11768000.0
707,2019-09-02,12435000.0
708,2019-09-03,12703000.0
709,2019-09-04,12641000.0
710,2019-09-05,12644000.0
711,2019-09-06,12341000.0
712,2019-09-07,12473000.0
713,2019-09-08,12370000.0
714,2019-09-09,12278000.0
715,2019-09-10,12078000.0
716,2019-09-11,12162000.0
717,2019-09-12,12427000.0
718,2019-09-13,12306000.0
719,2019-09-14,12253000.0
720,2019-09-15,12169000.0
721,2019-09-16,12133000.0
722,2019-09-17,12061000.0
723,2019-09-18,12050000.0
724,2019-09-19,12180000.0
725,2019-09-20,12074000.0
726,2019-09-21,11891000.0
727,2019-09-22,11936000.0
728,2019-09-23,11545000.0
729,2019-09-24,10194000.0
730,2019-09-25,10143000.0
731,2019-09-26,9700000.0
732,2019-09-27,9833000.0
733,2019-09-28,9874000.0
734,2019-09-29,9670000.0
735,2019-09-30,9945000.0
736,2019-10-01,9987000.0
737,2019-10-02,10077000.0
738,2019-10-03,9937000.0
739,2019-10-04,9755000.0
740,2019-10-05,9720000.0
741,2019-10-06,9443000.0
742,2019-10-07,9749000.0
743,2019-10-08,9728000.0
744,2019-10-09,10182000.0
745,2019-10-10,10167000.0
746,2019-10-11,9814000.0
747,2019-10-12,9867000.0
748,2019-10-13,9807000.0
749,2019-10-14,9871000.0
750,2019-10-15,9719000.0
751,2019-10-16,9525000.0
752,2019-10-17,9563000.0
753,2019-10-18,9434000.0
754,2019-10-19,9437000.0
755,2019-10-20,9710000.0
756,2019-10-21,9663000.0
757,2019-10-22,9470000.0
758,2019-10-23,8826000.0
759,2019-10-24,8743000.0
760,2019-10-25,10063000.0
761,2019-10-26,10730000.0
762,2019-10-27,10975000.0
763,2019-10-28,10736000.0
764,2019-10-29,10894000.0
765,2019-10-30,10682000.0
766,2019-10-31,10692000.0
767,2019-11-01,10805000.0
768,2019-11-02,10851000.0
769,2019-11-03,10765000.0
770,2019-11-04,10846000.0
771,2019-11-05,10752000.0
772,2019-11-06,10751000.0
773,2019-11-07,10668000.0
774,2019-11-08,10212000.0
775,2019-11-09,10248000.0
776,2019-11-10,10496000.0
777,2019-11-11,10168000.0
778,2019-11-12,10257000.0
779,2019-11-13,10211000.0
780,2019-11-14,10075000.0
781,2019-11-15,9914000.0
782,2019-11-16,9926000.0
783,2019-11-17,9924000.0
784,2019-11-18,9580000.0
785,2019-11-19,9503000.0
786,2019-11-20,9486000.0
787,2019-11-21,9024000.0
788,2019-11-22,8651000.0
789,2019-11-23,8670000.0
790,2019-11-24,8218000.0
791,2019-11-25,8338000.0
792,2019-11-26,8410000.0
793,2019-11-27,8702000.0
794,2019-11-28,8674000.0
795,2019-11-29,9037000.0
796,2019-11-30,8838000.0
797,2019-12-01,8630000.0
798,2019-12-02,8585000.0
799,2019-12-03,8607000.0
800,2019-12-04,8515000.0
801,2019-12-05,8685000.0
802,2019-12-06,8813000.0
803,2019-12-07,8784000.0
804,2019-12-08,8807000.0
805,2019-12-09,8679000.0
806,2019-12-10,8537000.0
807,2019-12-11,8490000.0
808,2019-12-12,8437000.0
809,2019-12-13,8490000.0
810,2019-12-14,8277000.0
811,2019-12-15,8319000.0
812,2019-12-16,8050000.0
813,2019-12-17,7742000.0
814,2019-12-18,8466000.0
815,2019-12-19,8328000.0
816,2019-12-20,8338000.0
817,2019-12-21,8295000.0
818,2019-12-22,8689000.0
819,2019-12-23,8520000.0
820,2019-12-24,8470000.0
821,2019-12-25,8370000.0
822,2019-12-26,8371000.0
823,2019-12-27,8385000.0
824,2019-12-28,8432000.0
825,2019-12-29,8486000.0
826,2019-12-30,8341000.0
827,2019-12-31,8312000.0
828,2020-01-01,8300000.0
829,2020-01-02,8037000.0
830,2020-01-03,8474000.0
831,2020-01-04,8482000.0
832,2020-01-05,8454000.0
833,2020-01-06,8866000.0
834,2020-01-07,9398000.0
835,2020-01-08,9085000.0
836,2020-01-09,8941000.0
837,2020-01-10,9233000.0
838,2020-01-11,9060000.0
839,2020-01-12,9213000.0
840,2020-01-13,9172000.0
841,2020-01-14,9716000.0
842,2020-01-15,9735000.0
843,2020-01-16,9785000.0
844,2020-01-17,9992000.0
845,2020-01-18,10085000.0
846,2020-01-19,9887000.0
847,2020-01-20,9851000.0
848,2020-01-21,9958000.0
849,2020-01-22,9922000.0
850,2020-01-23,9750000.0
851,2020-01-24,9813000.0
852,2020-01-25,9745000.0
853,2020-01-26,9966000.0
854,2020-01-27,10132000.0
855,2020-01-28,10570000.0
856,2020-01-29,10670000.0
857,2020-01-30,10779000.0
858,2020-01-31,10781000.0
859,2020-02-01,10820000.0
860,2020-02-02,10765000.0
861,2020-02-03,10750000.0
862,2020-02-04,10635000.0
863,2020-02-05,11054000.0
864,2020-02-06,11264000.0
865,2020-02-07,11490000.0
866,2020-02-08,11568000.0
867,2020-02-09,11821000.0
868,2020-02-10,11520000.0
869,2020-02-11,11819000.0
870,2020-02-12,11793000.0
871,2020-02-13,11793000.0
872,2020-02-14,11845000.0
873,2020-02-15,11503000.0
874,2020-02-16,11659000.0
875,2020-02-17,11438000.0
876,2020-02-18,11838000.0
877,2020-02-19,11415000.0
878,2020-02-20,11520000.0
879,2020-02-21,11498000.0
880,2020-02-22,11496000.0
881,2020-02-23,11753000.0
882,2020-02-24,11633000.0
883,2020-02-25,11330000.0
884,2020-02-26,10741000.0
885,2020-02-27,10699000.0
886,2020-02-28,10575000.0
887,2020-02-29,10374000.0
888,2020-03-01,10374000.0
889,2020-03-02,10675000.0
890,2020-03-03,10502000.0
891,2020-03-04,10503000.0
892,2020-03-05,10791000.0
893,2020-03-06,10840000.0
894,2020-03-07,10678000.0
895,2020-03-08,9876000.0
896,2020-03-09,9726000.0
897,2020-03-10,9574000.0
898,2020-03-11,9510000.0
899,2020-03-12,6363000.0
900,2020-03-13,7267000.0
901,2020-03-14,6823000.0
902,2020-03-15,6909000.0
903,2020-03-16,6385000.0
904,2020-03-17,6774000.0
905,2020-03-18,6745000.0
906,2020-03-19,7679000.0
907,2020-03-20,7781000.0
908,2020-03-21,7740000.0
909,2020-03-22,7366000.0
910,2020-03-23,8047000.0
911,2020-03-24,8367000.0
912,2020-03-25,8271000.0
913,2020-03-26,8272000.0
914,2020-03-27,7880000.0
915,2020-03-28,7656000.0
916,2020-03-29,7218000.0
917,2020-03-30,7798000.0
918,2020-03-31,7799000.0
919,2020-04-01,8074000.0
920,2020-04-02,8174000.0
921,2020-04-03,8156000.0
922,2020-04-04,8249000.0
923,2020-04-05,8198000.0
924,2020-04-06,8786000.0
925,2020-04-07,8660000.0
926,2020-04-08,8821000.0
927,2020-04-09,8804000.0
928,2020-04-10,8414000.0
929,2020-04-11,8463000.0
930,2020-04-12,8470000.0
931,2020-04-13,8379000.0
932,2020-04-14,8378000.0
933,2020-04-15,8108000.0
934,2020-04-16,8562000.0
935,2020-04-17,8519000.0
936,2020-04-18,8712000.0
937,2020-04-19,8660000.0
938,2020-04-20,8387000.0
939,2020-04-21,8407000.0
940,2020-04-22,8636000.0
941,2020-04-23,9057000.0
942,2020-04-24,9100000.0
943,2020-04-25,9164000.0
944,2020-04-26,9376000.0
945,2020-04-27,9490000.0
946,2020-04-28,9410000.0
947,2020-04-29,10530000.0
948,2020-04-30,10477000.0
949,2020-05-01,10773000.0
950,2020-05-02,10882000.0
951,2020-05-03,10887000.0
952,2020-05-04,10850000.0
953,2020-05-05,10972000.0
954,2020-05-06,11269000.0
955,2020-05-07,11998000.0
956,2020-05-08,11881000.0
957,2020-05-09,11550000.0
958,2020-05-10,10671000.0
959,2020-05-11,10448000.0
960,2020-05-12,10677000.0
961,2020-05-13,11268000.0
962,2020-05-14,11776000.0
963,2020-05-15,11314000.0
964,2020-05-16,11325000.0
965,2020-05-17,11619000.0
966,2020-05-18,11705000.0
967,2020-05-19,11727000.0
968,2020-05-20,11532000.0
969,2020-05-21,11089000.0
970,2020-05-22,11117000.0
971,2020-05-23,11140000.0
972,2020-05-24,10664000.0
973,2020-05-25,10825000.0
974,2020-05-26,10729000.0
975,2020-05-27,11163000.0
976,2020-05-28,11579000.0
977,2020-05-29,11398000.0
978,2020-05-30,11581000.0
979,2020-05-31,11432000.0
980,2020-06-01,12112000.0
981,2020-06-02,11520000.0
982,2020-06-03,11648000.0
983,2020-06-04,11784000.0
984,2020-06-05,11597000.0
985,2020-06-06,11641000.0
986,2020-06-07,11687000.0
987,2020-06-08,11690000.0
988,2020-06-09,11688000.0
989,2020-06-10,11737000.0
990,2020-06-11,11090000.0
991,2020-06-12,11380000.0
992,2020-06-13,11388000.0
993,2020-06-14,11246000.0
994,2020-06-15,11346000.0
995,2020-06-16,11453000.0
996,2020-06-17,11437000.0
997,2020-06-18,11341000.0
998,2020-06-19,11286000.0
999,2020-06-20,11325000.0
1000,2020-06-21,11238000.0
1001,2020-06-22,11593000.0
1002,2020-06-23,11509000.0
1003,2020-06-24,11233000.0
1004,2020-06-25,11147000.0
1005,2020-06-26,11045000.0
1006,2020-06-27,10913000.0
1007,2020-06-28,10970000.0
1008,2020-06-29,10972000.0
1009,2020-06-30,10903000.0
1010,2020-07-01,11051000.0
1011,2020-07-02,10888000.0
1012,2020-07-03,10837000.0
1013,2020-07-04,10884000.0
1014,2020-07-05,10831000.0
1015,2020-07-06,11065000.0
1016,2020-07-07,10988000.0
1017,2020-07-08,11138000.0
1018,2020-07-09,10961000.0
1019,2020-07-10,11043000.0
1020,2020-07-11,10957000.0
1021,2020-07-12,11036000.0
1022,2020-07-13,11000000.0
1023,2020-07-14,11010000.0
1024,2020-07-15,10975000.0
1025,2020-07-16,10934000.0
1026,2020-07-17,10937000.0
1027,2020-07-18,10905000.0
1028,2020-07-19,10943000.0
1029,2020-07-20,10950000.0
1030,2020-07-21,11123000.0
1031,2020-07-22,11269000.0
1032,2020-07-23,11331000.0
1033,2020-07-24,11346000.0
1034,2020-07-25,11477000.0
1035,2020-07-26,11715000.0
1036,2020-07-27,12916000.0
1037,2020-07-28,12772000.0
1038,2020-07-29,13124000.0
1039,2020-07-30,13098000.0
1040,2020-07-31,13416000.0
1041,2020-08-01,13922000.0
1042,2020-08-02,13030000.0
1043,2020-08-03,13272000.0
1044,2020-08-04,13319000.0
1045,2020-08-05,13843000.0
1046,2020-08-06,13884000.0
1047,2020-08-07,13777000.0
1048,2020-08-08,13887000.0
1049,2020-08-09,13820000.0
1050,2020-08-10,13990000.0
1051,2020-08-11,13619000.0
1052,2020-08-12,13709000.0
1053,2020-08-13,13810000.0
1054,2020-08-14,13846000.0
1055,2020-08-15,13878000.0
1056,2020-08-16,13889000.0
1057,2020-08-17,14204000.0
1058,2020-08-18,14000000.0
1059,2020-08-19,13878000.0
1060,2020-08-20,13967000.0
1061,2020-08-21,13781000.0
1062,2020-08-22,13840000.0
1063,2020-08-23,13802000.0
1064,2020-08-24,13876000.0
1065,2020-08-25,13476000.0
1066,2020-08-26,13561000.0
1067,2020-08-27,13401000.0
1068,2020-08-28,13549000.0
1069,2020-08-29,13470000.0
1070,2020-08-30,13671000.0
1071,2020-08-31,13739000.0
1072,2020-09-01,13974000.0
1073,2020-09-02,13571000.0
1074,2020-09-03,12303000.0
1075,2020-09-04,12636000.0
1076,2020-09-05,12382000.0
1077,2020-09-06,12353000.0
1078,2020-09-07,12388000.0
1079,2020-09-08,12131000.0
1080,2020-09-09,12177000.0
1081,2020-09-10,12328000.0
1082,2020-09-11,12336000.0
1083,2020-09-12,12379000.0
1084,2020-09-13,12377000.0
1085,2020-09-14,12659000.0
1086,2020-09-15,12814000.0
1087,2020-09-16,12913000.0
1088,2020-09-17,12811000.0
1089,2020-09-18,12777000.0
1090,2020-09-19,12940000.0
1091,2020-09-20,12819000.0
1092,2020-09-21,12290000.0
1093,2020-09-22,12344000.0
1094,2020-09-23,11943000.0
1095,2020-09-24,12500000.0
1096,2020-09-25,12455000.0
1097,2020-09-26,12506000.0
1098,2020-09-27,12515000.0
1099,2020-09-28,12468000.0
1100,2020-09-29,12601000.0
1101,2020-09-30,12558000.0
1102,2020-10-01,12440000.0
1103,2020-10-02,12423000.0
1104,2020-10-03,12393000.0
1105,2020-10-04,12447000.0
1106,2020-10-05,12536000.0
1107,2020-10-06,12418000.0
1108,2020-10-07,12423000.0
1109,2020-10-08,12582000.0
1110,2020-10-09,12638000.0
1111,2020-10-10,12864000.0
1112,2020-10-11,12934000.0
1113,2020-10-12,13172000.0
1114,2020-10-13,13134000.0
1115,2020-10-14,13150000.0
1116,2020-10-15,13226000.0
1117,2020-10-16,13054000.0
1118,2020-10-17,13078000.0
1119,2020-10-18,13207000.0
1120,2020-10-19,13415000.0
1121,2020-10-20,13646000.0
1122,2020-10-21,14423000.0
1123,2020-10-22,14558000.0
1124,2020-10-23,14584000.0
1125,2020-10-24,14760000.0
1126,2020-10-25,14690000.0
1127,2020-10-26,14764000.0
1128,2020-10-27,15312000.0
1129,2020-10-28,15060000.0
1130,2020-10-29,15207000.0
1131,2020-10-30,15340000.0
1132,2020-10-31,15606000.0
1133,2020-11-01,15574000.0
1134,2020-11-02,15397000.0
1135,2020-11-03,15881000.0
1136,2020-11-04,15959000.0
1137,2020-11-05,17352000.0
1138,2020-11-06,17397000.0
1139,2020-11-07,16647000.0
1140,2020-11-08,17297000.0
1141,2020-11-09,17106000.0
1142,2020-11-10,17035000.0
1143,2020-11-11,17439000.0
1144,2020-11-12,17954000.0
1145,2020-11-13,17988000.0
1146,2020-11-14,17796000.0
1147,2020-11-15,17670000.0
1148,2020-11-16,18275000.0
1149,2020-11-17,19332000.0
1150,2020-11-18,19714000.0
1151,2020-11-19,19802000.0
1152,2020-11-20,20627000.0
1153,2020-11-21,20351000.0
1154,2020-11-22,20307000.0
1155,2020-11-23,20100000.0
1156,2020-11-24,20957000.0
1157,2020-11-25,20840000.0
1158,2020-11-26,19225000.0
1159,2020-11-27,19129000.0
1160,2020-11-28,19484000.0
1161,2020-11-29,19991000.0
1162,2020-11-30,21315000.0
1163,2020-12-01,20867000.0
1164,2020-12-02,21097000.0
1165,2020-12-03,21179000.0
1166,2020-12-04,20569000.0
1167,2020-12-05,20781000.0
1168,2020-12-06,20976000.0
1169,2020-12-07,20834000.0
1170,2020-12-08,20010000.0
1171,2020-12-09,20267000.0
1172,2020-12-10,19950000.0
1173,2020-12-11,19658000.0
1174,2020-12-12,20585000.0
1175,2020-12-13,20793000.0
1176,2020-12-14,20939000.0
1177,2020-12-15,21103000.0
1178,2020-12-16,22888000.0
1179,2020-12-17,24743000.0
1180,2020-12-18,25151000.0
1181,2020-12-19,26169000.0
1182,2020-12-20,25880000.0
1183,2020-12-21,25387000.0
1184,2020-12-22,26776000.0
1185,2020-12-23,26380000.0
1186,2020-12-24,26503000.0
1187,2020-12-25,27122000.0
1188,2020-12-26,29378000.0
1189,2020-12-27,29319000.0
1190,2020-12-28,30249000.0
1191,2020-12-29,30498000.0
1192,2020-12-30,31891000.0
1193,2020-12-31,32042000.0
1194,2021-01-01,32296000.0
1195,2021-01-02,35700000.0
1196,2021-01-03,37537000.0
1197,2021-01-04,36460000.0
1198,2021-01-05,38093000.0
1199,2021-01-06,40762000.0
1200,2021-01-07,44698000.0
1201,2021-01-08,47215000.0
1202,2021-01-09,45718000.0
1203,2021-01-10,43404000.0
1204,2021-01-11,40094000.0
1205,2021-01-12,38577000.0
1206,2021-01-13,41380000.0
1207,2021-01-14,42735000.0
1208,2021-01-15,40952000.0
1209,2021-01-16,40086000.0
1210,2021-01-17,39536000.0
1211,2021-01-18,40008000.0
1212,2021-01-19,39586000.0
1213,2021-01-20,39253000.0
1214,2021-01-21,34519000.0
1215,2021-01-22,36345000.0
1216,2021-01-23,35493000.0
1217,2021-01-24,35539000.0
1218,2021-01-25,36054000.0
1219,2021-01-26,35923000.0
1220,2021-01-27,34300000.0
1221,2021-01-28,36624000.0
1222,2021-01-29,37523000.0
1223,2021-01-30,37087000.0
1224,2021-01-31,36408000.0
1225,2021-02-01,36618000.0
1226,2021-02-02,37910000.0
1227,2021-02-03,39357000.0
1228,2021-02-04,39810000.0
1229,2021-02-05,40424000.0
1230,2021-02-06,41725000.0
1231,2021-02-07,41921000.0
1232,2021-02-08,49070000.0
1233,2021-02-09,48779000.0
1234,2021-02-10,48550000.0
1235,2021-02-11,51370000.0
1236,2021-02-12,50836000.0
1237,2021-02-13,50626000.0
1238,2021-02-14,52706000.0
1239,2021-02-15,52532000.0
1240,2021-02-16,54760000.0
1241,2021-02-17,57484000.0
1242,2021-02-18,57852000.0
1243,2021-02-19,63649000.0
1244,2021-02-20,64251000.0
1245,2021-02-21,65417000.0
1246,2021-02-22,61744000.0
1247,2021-02-23,55105000.0
1248,2021-02-24,56500000.0
1249,2021-02-25,54168000.0
1250,2021-02-26,53804000.0
1251,2021-02-27,53494000.0
1252,2021-02-28,51798000.0
1253,2021-03-01,56426000.0
1254,2021-03-02,56000000.0
1255,2021-03-03,57933000.0
1256,2021-03-04,56426000.0
1257,2021-03-05,56654000.0
1258,2021-03-06,56225000.0
1259,2021-03-07,58155000.0
1260,2021-03-08,59821000.0
1261,2021-03-09,62949000.0
1262,2021-03-10,64350000.0
1263,2021-03-11,66208000.0
1264,2021-03-12,66607000.0
1265,2021-03-13,70615000.0
1266,2021-03-14,68587000.0
1267,2021-03-15,64487000.0
1268,2021-03-16,66020000.0
1269,2021-03-17,68494000.0
1270,2021-03-18,67139000.0
1271,2021-03-19,67974000.0
1272,2021-03-20,67849000.0
1273,2021-03-21,67120000.0
1274,2021-03-22,64725000.0
1275,2021-03-23,65458000.0
1276,2021-03-24,64777000.0
1277,2021-03-25,63328000.0
1278,2021-03-26,65675000.0
1279,2021-03-27,66591000.0
1280,2021-03-28,67133000.0
1281,2021-03-29,68701000.0
1282,2021-03-30,70800000.0
1283,2021-03-31,71513000.0
1284,2021-04-01,72749000.0
1285,2021-04-02,73855000.0
1286,2021-04-03,72187000.0
1287,2021-04-04,73974000.0
1288,2021-04-05,78770000.0
1289,2021-04-06,77944000.0
1290,2021-04-07,72850000.0
1291,2021-04-08,75316000.0
1292,2021-04-09,76066000.0
1293,2021-04-10,78530000.0
1294,2021-04-11,78743000.0
1295,2021-04-12,78178000.0
1296,2021-04-13,80736000.0
1297,2021-04-14,80401000.0
1298,2021-04-15,79670000.0
1299,2021-04-16,79351000.0
1300,2021-04-17,77905000.0
1301,2021-04-18,75643000.0
1302,2021-04-19,71456000.0
1303,2021-04-20,70402000.0
1304,2021-04-21,68198000.0
1305,2021-04-22,59962000.0
1306,2021-04-23,60900000.0
1307,2021-04-24,60853000.0
1308,2021-04-25,59859000.0
1309,2021-04-26,64198000.0
1310,2021-04-27,64767000.0
1311,2021-04-28,64100000.0
1312,2021-04-29,63814000.0
1313,2021-04-30,67939000.0
1314,2021-05-01,69049000.0
1315,2021-05-02,68452000.0
1316,2021-05-03,69996000.0
1317,2021-05-04,66829000.0
1318,2021-05-05,68679000.0
1319,2021-05-06,68767000.0
1320,2021-05-07,68563000.0
1321,2021-05-08,71740000.0
1322,2021-05-09,71505000.0
1323,2021-05-10,70902000.0
1324,2021-05-11,69741000.0
1325,2021-05-12,62257000.0
1326,2021-05-13,63069000.0
1327,2021-05-14,61797000.0
1328,2021-05-15,58807000.0
1329,2021-05-16,57649000.0
1330,2021-05-17,54057000.0
1331,2021-05-18,53419000.0
1332,2021-05-19,50379000.0
1333,2021-05-20,51320000.0
1334,2021-05-21,49112000.0
1335,2021-05-22,47460000.0
1336,2021-05-23,42585000.0
1337,2021-05-24,46963000.0
1338,2021-05-25,47047000.0
1339,2021-05-26,47325000.0
1340,2021-05-27,46563000.0
1341,2021-05-28,43723000.0
1342,2021-05-29,42688000.0
1343,2021-05-30,43177000.0
1344,2021-05-31,43761000.0
1345,2021-06-01,43200000.0
1346,2021-06-02,43732000.0
1347,2021-06-03,45242000.0
